Centre,Study ID,ROI,Strategy,Metric,Value,Unit,source_row
Main centre,MC_R032,GTVn,Image-only baseline,DSC,0.6575,unitless,2
Main centre,MC_R032,GTVn,Image-only baseline,HD95,7.6201,mm,3
Main centre,MC_R032,GTVn,Image-only baseline,ASD,1.3162,mm,4
Main centre,MC_R032,GTVn,Direct DIR propagation,DSC,0.6727,unitless,5
Main centre,MC_R032,GTVn,Direct DIR propagation,HD95,6.9845,mm,6
Main centre,MC_R032,GTVn,Direct DIR propagation,ASD,2.2514,mm,7
Main centre,MC_R032,GTVn,PCG-UNet,DSC,0.7153,unitless,8
Main centre,MC_R032,GTVn,PCG-UNet,HD95,6.4947,mm,9
Main centre,MC_R032,GTVn,PCG-UNet,ASD,1.2134,mm,10
Main centre,MC_R034,GTVn,Image-only baseline,DSC,0.6384,unitless,11
Main centre,MC_R034,GTVn,Image-only baseline,HD95,7.7363,mm,12
Main centre,MC_R034,GTVn,Image-only baseline,ASD,1.4673,mm,13
Main centre,MC_R034,GTVn,Direct DIR propagation,DSC,0.6493,unitless,14
Main centre,MC_R034,GTVn,Direct DIR propagation,HD95,7.1922,mm,15
Main centre,MC_R034,GTVn,Direct DIR propagation,ASD,1.3455,mm,16
Main centre,MC_R034,GTVn,PCG-UNet,DSC,0.6715,unitless,17
Main centre,MC_R034,GTVn,PCG-UNet,HD95,7.0589,mm,18
Main centre,MC_R034,GTVn,PCG-UNet,ASD,1.3156,mm,19
Main centre,MC_R035,GTVn,Image-only baseline,DSC,0.657,unitless,20
Main centre,MC_R035,GTVn,Image-only baseline,HD95,7.728,mm,21
Main centre,MC_R035,GTVn,Image-only baseline,ASD,1.4063,mm,22
Main centre,MC_R035,GTVn,Direct DIR propagation,DSC,0.6671,unitless,23
Main centre,MC_R035,GTVn,Direct DIR propagation,HD95,7.1328,mm,24
Main centre,MC_R035,GTVn,Direct DIR propagation,ASD,2.3067,mm,25
Main centre,MC_R035,GTVn,PCG-UNet,DSC,0.7176,unitless,26
Main centre,MC_R035,GTVn,PCG-UNet,HD95,6.7195,mm,27
Main centre,MC_R035,GTVn,PCG-UNet,ASD,1.2575,mm,28
Main centre,MC_R036,GTVn,Image-only baseline,DSC,0.6779,unitless,29
Main centre,MC_R036,GTVn,Image-only baseline,HD95,6.7395,mm,30
Main centre,MC_R036,GTVn,Image-only baseline,ASD,1.2432,mm,31
Main centre,MC_R036,GTVn,Direct DIR propagation,DSC,0.6984,unitless,32
Main centre,MC_R036,GTVn,Direct DIR propagation,HD95,5.9249,mm,33
Main centre,MC_R036,GTVn,Direct DIR propagation,ASD,1.3541,mm,34
Main centre,MC_R036,GTVn,PCG-UNet,DSC,0.7345,unitless,35
Main centre,MC_R036,GTVn,PCG-UNet,HD95,5.7741,mm,36
Main centre,MC_R036,GTVn,PCG-UNet,ASD,1.0839,mm,37
Main centre,MC_R031,GTVn,Image-only baseline,DSC,0.7282,unitless,38
Main centre,MC_R031,GTVn,Image-only baseline,HD95,6.0869,mm,39
Main centre,MC_R031,GTVn,Image-only baseline,ASD,1.3801,mm,40
Main centre,MC_R031,GTVn,Direct DIR propagation,DSC,0.7562,unitless,41
Main centre,MC_R031,GTVn,Direct DIR propagation,HD95,5.386,mm,42
Main centre,MC_R031,GTVn,Direct DIR propagation,ASD,1.2251,mm,43
Main centre,MC_R031,GTVn,PCG-UNet,DSC,0.7983,unitless,44
Main centre,MC_R031,GTVn,PCG-UNet,HD95,5.1955,mm,45
Main centre,MC_R031,GTVn,PCG-UNet,ASD,1.1852,mm,46
Main centre,MC_R038,GTVn,Image-only baseline,DSC,0.7617,unitless,47
Main centre,MC_R038,GTVn,Image-only baseline,HD95,6.4083,mm,48
Main centre,MC_R038,GTVn,Image-only baseline,ASD,1.0137,mm,49
Main centre,MC_R038,GTVn,Direct DIR propagation,DSC,0.7751,unitless,50
Main centre,MC_R038,GTVn,Direct DIR propagation,HD95,5.7558,mm,51
Main centre,MC_R038,GTVn,Direct DIR propagation,ASD,2.9118,mm,52
Main centre,MC_R038,GTVn,PCG-UNet,DSC,0.827,unitless,53
Main centre,MC_R038,GTVn,PCG-UNet,HD95,5.5483,mm,54
Main centre,MC_R038,GTVn,PCG-UNet,ASD,0.8666,mm,55
Main centre,MC_R037,GTVn,Image-only baseline,DSC,0.6687,unitless,56
Main centre,MC_R037,GTVn,Image-only baseline,HD95,6.7038,mm,57
Main centre,MC_R037,GTVn,Image-only baseline,ASD,1.1452,mm,58
Main centre,MC_R037,GTVn,Direct DIR propagation,DSC,0.6148,unitless,59
Main centre,MC_R037,GTVn,Direct DIR propagation,HD95,5.8553,mm,60
Main centre,MC_R037,GTVn,Direct DIR propagation,ASD,1.0536,mm,61
Main centre,MC_R037,GTVn,PCG-UNet,DSC,0.7262,unitless,62
Main centre,MC_R037,GTVn,PCG-UNet,HD95,5.5912,mm,63
Main centre,MC_R037,GTVn,PCG-UNet,ASD,1.0078,mm,64
Main centre,MC_R033,GTVn,Image-only baseline,DSC,0.7236,unitless,65
Main centre,MC_R033,GTVn,Image-only baseline,HD95,5.737,mm,66
Main centre,MC_R033,GTVn,Image-only baseline,ASD,1.0519,mm,67
Main centre,MC_R033,GTVn,Direct DIR propagation,DSC,0.7361,unitless,68
Main centre,MC_R033,GTVn,Direct DIR propagation,HD95,5.1501,mm,69
Main centre,MC_R033,GTVn,Direct DIR propagation,ASD,1.9475,mm,70
Main centre,MC_R033,GTVn,PCG-UNet,DSC,0.7887,unitless,71
Main centre,MC_R033,GTVn,PCG-UNet,HD95,4.9672,mm,72
Main centre,MC_R033,GTVn,PCG-UNet,ASD,0.9108,mm,73
Main centre,MC_R039,GTVn,Image-only baseline,DSC,0.7541,unitless,74
Main centre,MC_R039,GTVn,Image-only baseline,HD95,5.5414,mm,75
Main centre,MC_R039,GTVn,Image-only baseline,ASD,1.2232,mm,76
Main centre,MC_R039,GTVn,Direct DIR propagation,DSC,0.7695,unitless,77
Main centre,MC_R039,GTVn,Direct DIR propagation,HD95,4.7428,mm,78
Main centre,MC_R039,GTVn,Direct DIR propagation,ASD,1.0563,mm,79
Main centre,MC_R039,GTVn,PCG-UNet,DSC,0.8077,unitless,80
Main centre,MC_R039,GTVn,PCG-UNet,HD95,4.2417,mm,81
Main centre,MC_R039,GTVn,PCG-UNet,ASD,1.0119,mm,82
Main centre,MC_R030,GTVn,Image-only baseline,DSC,0.5982,unitless,83
Main centre,MC_R030,GTVn,Image-only baseline,HD95,8.2026,mm,84
Main centre,MC_R030,GTVn,Image-only baseline,ASD,1.4119,mm,85
Main centre,MC_R030,GTVn,Direct DIR propagation,DSC,0.6054,unitless,86
Main centre,MC_R030,GTVn,Direct DIR propagation,HD95,7.7538,mm,87
Main centre,MC_R030,GTVn,Direct DIR propagation,ASD,1.3319,mm,88
Main centre,MC_R030,GTVn,PCG-UNet,DSC,0.6218,unitless,89
Main centre,MC_R030,GTVn,PCG-UNet,HD95,7.535,mm,90
Main centre,MC_R030,GTVn,PCG-UNet,ASD,1.3162,mm,91
Main centre,MC_R040,GTVn,Image-only baseline,DSC,0.7432,unitless,92
Main centre,MC_R040,GTVn,Image-only baseline,HD95,6.0116,mm,93
Main centre,MC_R040,GTVn,Image-only baseline,ASD,1.2186,mm,94
Main centre,MC_R040,GTVn,Direct DIR propagation,DSC,0.7521,unitless,95
Main centre,MC_R040,GTVn,Direct DIR propagation,HD95,5.1703,mm,96
Main centre,MC_R040,GTVn,Direct DIR propagation,ASD,1.0265,mm,97
Main centre,MC_R040,GTVn,PCG-UNet,DSC,0.77,unitless,98
Main centre,MC_R040,GTVn,PCG-UNet,HD95,4.9585,mm,99
Main centre,MC_R040,GTVn,PCG-UNet,ASD,0.9873,mm,100
Main centre,MC_R041,GTVn,Image-only baseline,DSC,0.6715,unitless,101
Main centre,MC_R041,GTVn,Image-only baseline,HD95,6.9646,mm,102
Main centre,MC_R041,GTVn,Image-only baseline,ASD,1.1224,mm,103
Main centre,MC_R041,GTVn,Direct DIR propagation,DSC,0.7086,unitless,104
Main centre,MC_R041,GTVn,Direct DIR propagation,HD95,6.2434,mm,105
Main centre,MC_R041,GTVn,Direct DIR propagation,ASD,1.0622,mm,106
Main centre,MC_R041,GTVn,PCG-UNet,DSC,0.7569,unitless,107
Main centre,MC_R041,GTVn,PCG-UNet,HD95,5.6775,mm,108
Main centre,MC_R041,GTVn,PCG-UNet,ASD,1.0233,mm,109
