study_id,algorithm_s,review_s,combined_s,source_sheet,source_row,algorithm_cell,review_cell,combined_cell
PRO_005,154.6,213.6,368.2,Prospective timing,2,B2,C2,D2
PRO_004,151.8,114.9,266.7,Prospective timing,3,B3,C3,D3
PRO_002,155.3,204.0,359.3,Prospective timing,4,B4,C4,D4
PRO_007,159.2,164.5,323.7,Prospective timing,5,B5,C5,D5
PRO_006,151.3,130.5,281.8,Prospective timing,6,B6,C6,D6
PRO_003,151.3,180.0,331.3,Prospective timing,7,B7,C7,D7
PRO_010,159.5,171.0,330.5,Prospective timing,8,B8,C8,D8
PRO_011,155.8,143.5,299.3,Prospective timing,9,B9,C9,D9
PRO_012,150.3,166.5,316.8,Prospective timing,10,B10,C10,D10
PRO_008,154.8,150.9,305.7,Prospective timing,11,B11,C11,D11
PRO_015,150.3,168.0,318.3,Prospective timing,12,B12,C12,D12
PRO_022,150.3,186.8,337.1,Prospective timing,13,B13,C13,D13
PRO_028,153.5,218.5,372.0,Prospective timing,14,B14,C14,D14
PRO_021,143.8,121.7,265.5,Prospective timing,15,B15,C15,D15
PRO_017,144.6,237.3,381.9,Prospective timing,16,B16,C16,D16
PRO_023,149.9,97.2,247.1,Prospective timing,17,B17,C17,D17
PRO_031,147.8,158.9,306.7,Prospective timing,18,B18,C18,D18
PRO_029,153.8,184.3,338.1,Prospective timing,19,B19,C19,D19
PRO_038,148.3,173.8,322.1,Prospective timing,20,B20,C20,D20
PRO_034,146.0,142.8,288.8,Prospective timing,21,B21,C21,D21
PRO_037,159.0,157.0,316.0,Prospective timing,22,B22,C22,D22
PRO_009,151.4,147.2,298.6,Prospective timing,23,B23,C23,D23
PRO_042,152.7,143.9,296.6,Prospective timing,24,B24,C24,D24
PRO_040,146.0,193.3,339.3,Prospective timing,25,B25,C25,D25
PRO_013,149.9,176.4,326.3,Prospective timing,26,B26,C26,D26
PRO_043,152.9,140.4,293.3,Prospective timing,27,B27,C27,D27
PRO_046,147.2,195.0,342.2,Prospective timing,28,B28,C28,D28
PRO_044,154.1,174.7,328.8,Prospective timing,29,B29,C29,D29
PRO_016,149.7,192.0,341.7,Prospective timing,30,B30,C30,D30
PRO_014,151.1,185.7,336.8,Prospective timing,31,B31,C31,D31
PRO_019,149.7,135.7,285.4,Prospective timing,32,B32,C32,D32
PRO_026,160.7,144.9,305.6,Prospective timing,33,B33,C33,D33
PRO_018,152.3,189.8,342.1,Prospective timing,34,B34,C34,D34
PRO_054,147.6,185.1,332.7,Prospective timing,35,B35,C35,D35
PRO_053,156.1,163.4,319.5,Prospective timing,36,B36,C36,D36
PRO_020,146.9,168.2,315.1,Prospective timing,37,B37,C37,D37
PRO_024,153.3,208.0,361.3,Prospective timing,38,B38,C38,D38
PRO_035,143.6,143.8,287.4,Prospective timing,39,B39,C39,D39
PRO_025,146.4,182.9,329.3,Prospective timing,40,B40,C40,D40
PRO_036,153.3,157.2,310.5,Prospective timing,41,B41,C41,D41
PRO_050,155.7,156.7,312.4,Prospective timing,42,B42,C42,D42
PRO_027,153.2,201.8,355.0,Prospective timing,43,B43,C43,D43
PRO_033,151.9,192.4,344.3,Prospective timing,44,B44,C44,D44
PRO_030,151.0,192.0,343.0,Prospective timing,45,B45,C45,D45
PRO_055,145.7,208.9,354.6,Prospective timing,46,B46,C46,D46
PRO_032,149.2,164.8,314.0,Prospective timing,47,B47,C47,D47
PRO_039,150.3,187.5,337.8,Prospective timing,48,B48,C48,D48
PRO_041,157.2,153.5,310.7,Prospective timing,49,B49,C49,D49
PRO_063,153.9,175.2,329.1,Prospective timing,50,B50,C50,D50
PRO_067,144.5,159.7,304.2,Prospective timing,51,B51,C51,D51
PRO_001,153.9,167.5,321.4,Prospective timing,52,B52,C52,D52
PRO_065,150.7,184.5,335.2,Prospective timing,53,B53,C53,D53
PRO_047,149.3,136.1,285.4,Prospective timing,54,B54,C54,D54
PRO_045,155.1,235.9,391.0,Prospective timing,55,B55,C55,D55
PRO_048,157.0,129.6,286.6,Prospective timing,56,B56,C56,D56
PRO_076,156.6,122.5,279.1,Prospective timing,57,B57,C57,D57
PRO_072,148.6,203.9,352.5,Prospective timing,58,B58,C58,D58
PRO_068,151.0,191.3,342.3,Prospective timing,59,B59,C59,D59
PRO_071,153.9,185.5,339.4,Prospective timing,60,B60,C60,D60
PRO_052,156.8,185.7,342.5,Prospective timing,61,B61,C61,D61
PRO_078,150.2,163.7,313.9,Prospective timing,62,B62,C62,D62
PRO_069,151.6,133.4,285.0,Prospective timing,63,B63,C63,D63
PRO_051,147.4,166.7,314.1,Prospective timing,64,B64,C64,D64
PRO_077,147.0,140.9,287.9,Prospective timing,65,B65,C65,D65
PRO_049,156.0,197.6,353.6,Prospective timing,66,B66,C66,D66
PRO_079,158.5,159.1,317.6,Prospective timing,67,B67,C67,D67
PRO_073,152.1,135.8,287.9,Prospective timing,68,B68,C68,D68
PRO_081,156.9,153.1,310.0,Prospective timing,69,B69,C69,D69
PRO_056,154.0,178.3,332.3,Prospective timing,70,B70,C70,D70
PRO_057,149.5,144.8,294.3,Prospective timing,71,B71,C71,D71
PRO_064,154.0,135.9,289.9,Prospective timing,72,B72,C72,D72
PRO_066,159.3,172.5,331.8,Prospective timing,73,B73,C73,D73
PRO_059,152.2,172.5,324.7,Prospective timing,74,B74,C74,D74
PRO_083,159.4,146.7,306.1,Prospective timing,75,B75,C75,D75
PRO_082,140.6,148.0,288.6,Prospective timing,76,B76,C76,D76
PRO_087,156.1,172.1,328.2,Prospective timing,77,B77,C77,D77
PRO_058,152.8,114.5,267.3,Prospective timing,78,B78,C78,D78
PRO_060,151.0,115.9,266.9,Prospective timing,79,B79,C79,D79
PRO_061,152.8,139.5,292.3,Prospective timing,80,B80,C80,D80
PRO_091,143.4,156.8,300.2,Prospective timing,81,B81,C81,D81
PRO_088,151.4,174.8,326.2,Prospective timing,82,B82,C82,D82
PRO_093,154.0,214.7,368.7,Prospective timing,83,B83,C83,D83
PRO_062,159.0,193.5,352.5,Prospective timing,84,B84,C84,D84
PRO_098,150.1,158.6,308.7,Prospective timing,85,B85,C85,D85
PRO_095,148.8,163.5,312.3,Prospective timing,86,B86,C86,D86
PRO_099,150.1,129.7,279.8,Prospective timing,87,B87,C87,D87
PRO_102,156.5,163.5,320.0,Prospective timing,88,B88,C88,D88
PRO_075,153.9,154.2,308.1,Prospective timing,89,B89,C89,D89
PRO_070,150.0,175.2,325.2,Prospective timing,90,B90,C90,D90
PRO_101,154.7,135.8,290.5,Prospective timing,91,B91,C91,D91
PRO_074,152.8,181.9,334.7,Prospective timing,92,B92,C92,D92
PRO_104,156.8,216.7,373.5,Prospective timing,93,B93,C93,D93
PRO_080,149.2,160.4,309.6,Prospective timing,94,B94,C94,D94
PRO_103,150.9,177.9,328.8,Prospective timing,95,B95,C95,D95
PRO_112,150.6,187.8,338.4,Prospective timing,96,B96,C96,D96
PRO_109,145.8,150.4,296.2,Prospective timing,97,B97,C97,D97
PRO_111,153.7,171.8,325.5,Prospective timing,98,B98,C98,D98
PRO_084,153.6,164.6,318.2,Prospective timing,99,B99,C99,D99
PRO_085,152.4,167.5,319.9,Prospective timing,100,B100,C100,D100
PRO_115,151.3,137.6,288.9,Prospective timing,101,B101,C101,D101
PRO_086,146.0,165.0,311.0,Prospective timing,102,B102,C102,D102
PRO_090,150.5,181.2,331.7,Prospective timing,103,B103,C103,D103
PRO_097,150.9,213.9,364.8,Prospective timing,104,B104,C104,D104
PRO_092,148.8,197.0,345.8,Prospective timing,105,B105,C105,D105
PRO_118,151.7,238.0,389.7,Prospective timing,106,B106,C106,D106
PRO_122,154.2,137.8,292.0,Prospective timing,107,B107,C107,D107
PRO_119,160.9,194.0,354.9,Prospective timing,108,B108,C108,D108
PRO_089,153.2,170.4,323.6,Prospective timing,109,B109,C109,D109
PRO_096,153.6,239.2,392.8,Prospective timing,110,B110,C110,D110
PRO_094,152.1,136.4,288.5,Prospective timing,111,B111,C111,D111
PRO_121,143.8,135.3,279.1,Prospective timing,112,B112,C112,D112
PRO_110,152.3,143.6,295.9,Prospective timing,113,B113,C113,D113
PRO_123,152.7,91.3,244.0,Prospective timing,114,B114,C114,D114
PRO_105,163.5,146.1,309.6,Prospective timing,115,B115,C115,D115
PRO_100,151.5,138.1,289.6,Prospective timing,116,B116,C116,D116
PRO_126,153.8,169.3,323.1,Prospective timing,117,B117,C117,D117
PRO_106,152.2,175.8,328.0,Prospective timing,118,B118,C118,D118
PRO_124,147.1,228.5,375.6,Prospective timing,119,B119,C119,D119
PRO_125,157.5,196.7,354.2,Prospective timing,120,B120,C120,D120
PRO_129,155.8,144.3,300.1,Prospective timing,121,B121,C121,D121
PRO_127,156.0,133.3,289.3,Prospective timing,122,B122,C122,D122
PRO_113,148.3,181.0,329.3,Prospective timing,123,B123,C123,D123
PRO_107,158.7,118.8,277.5,Prospective timing,124,B124,C124,D124
PRO_128,146.1,226.9,373.0,Prospective timing,125,B125,C125,D125
PRO_130,155.0,204.6,359.6,Prospective timing,126,B126,C126,D126
PRO_131,162.3,148.0,310.3,Prospective timing,127,B127,C127,D127
PRO_120,147.9,105.4,253.3,Prospective timing,128,B128,C128,D128
PRO_108,149.8,210.6,360.4,Prospective timing,129,B129,C129,D129
PRO_114,152.8,160.2,313.0,Prospective timing,130,B130,C130,D130
PRO_133,150.1,206.6,356.7,Prospective timing,131,B131,C131,D131
PRO_117,145.4,109.4,254.8,Prospective timing,132,B132,C132,D132
PRO_116,152.7,143.6,296.3,Prospective timing,133,B133,C133,D133
PRO_132,147.6,164.3,311.9,Prospective timing,134,B134,C134,D134
PRO_135,154.5,165.7,320.2,Prospective timing,135,B135,C135,D135
PRO_134,148.3,148.7,297.0,Prospective timing,136,B136,C136,D136
