study_id,group,roi,baseline_dsc,vag_dsc,beneficial_change_dsc,baseline_dsc_cell,vag_dsc_cell,baseline_hd95,vag_hd95,beneficial_change_hd95,baseline_hd95_cell,vag_hd95_cell,baseline_asd,vag_asd,beneficial_change_asd,baseline_asd_cell,vag_asd_cell
MC_R023,Central nervous,Brain stem,0.9121,0.9494,0.0373,H1460,H3533,1.1695,1.1053,0.06420000000000003,H1461,H3534,0.2023,0.1584,0.043899999999999995,H1462,H3535
MC_R023,Central nervous,Spinal cord,0.7983,0.8257,0.02739999999999998,H1808,H3881,4.2867,3.8057,0.48099999999999987,H1809,H3882,0.4398,0.3774,0.06240000000000001,H1810,H3883
MC_R023,Central nervous,Eye,0.9239,0.943,0.019099999999999895,H938,H3011,0.3068,0.2859,0.02090000000000003,H939,H3012,0.0668,0.0564,0.0104,H940,H3013
MC_R023,Central nervous,Temporal lobe,0.8416,0.9183,0.07669999999999999,H1634,H3707,4.8642,3.9665,0.8977000000000004,H1635,H3708,0.5403,0.465,0.07529999999999998,H1636,H3709
MC_R023,Visual,Optic chiasm,0.8225,0.8638,0.0413,H68,H2141,4.6509,3.6722,0.9786999999999999,H69,H2142,0.6353,0.5151,0.12019999999999997,H70,H2143
MC_R023,Visual,Lens,0.8558,0.9033,0.04749999999999999,H416,H2489,3.3484,3.1068,0.24160000000000004,H417,H2490,0.3624,0.2802,0.0822,H418,H2491
MC_R023,Visual,Pituitary,0.685,0.7095,0.024499999999999966,H590,H2663,5.8009,5.5525,0.24840000000000018,H591,H2664,1.2411,1.1005,0.14060000000000006,H592,H2665
MC_R023,Visual,Optic nerve,0.8416,0.8734,0.03179999999999994,H503,H2576,4.3245,3.8952,0.42929999999999957,H504,H2577,0.5695,0.4685,0.10099999999999998,H505,H2578
MC_R023,Auditory,Cochlea,0.8333,0.8789,0.045599999999999974,H155,H2228,3.0952,2.5721,0.5231000000000003,H156,H2229,0.4286,0.3714,0.05719999999999997,H157,H2230
MC_R023,Auditory,Eustachian tube bone,0.9072,0.9404,0.03320000000000001,H242,H2315,3.2229,2.7162,0.5066999999999999,H243,H2316,0.3766,0.3009,0.07569999999999999,H244,H2317
MC_R023,Auditory,Internal auditory canal,0.844,0.8843,0.0403,H329,H2402,3.483,3.1096,0.3734000000000002,H330,H2403,0.3799,0.3244,0.055499999999999994,H331,H2404
MC_R023,Auditory,Tympanic cavity,0.7199,0.7514,0.03149999999999997,H764,H2837,4.9859,4.4325,0.5533999999999999,H765,H2838,0.6629,0.607,0.05590000000000006,H766,H2839
MC_R023,Auditory,Vestibule/semicircular canals,0.6987,0.7163,0.01760000000000006,H851,H2924,5.4531,5.0459,0.40720000000000045,H852,H2925,0.6753,0.6091,0.06620000000000004,H853,H2926
MC_R023,Oral,Parotid gland,0.8849,0.9183,0.033399999999999985,H1373,H3446,3.3296,3.055,0.27459999999999996,H1374,H3447,0.3944,0.34,0.05439999999999995,H1375,H3448
MC_R023,Oral,Temporomandibular joint,0.8754,0.8819,0.006500000000000061,H677,H2750,2.9229,2.5399,0.383,H678,H2751,0.3575,0.3006,0.056900000000000006,H679,H2752
MC_R023,Oral,Oral cavity,0.8133,0.8324,0.019100000000000006,H1286,H3359,5.8095,5.343,0.4664999999999999,H1287,H3360,0.6206,0.5687,0.05190000000000006,H1288,H3361
MC_R023,Oral,Submandibular gland,0.8729,0.8974,0.024499999999999966,H1721,H3794,4.8309,4.171,0.6598999999999995,H1722,H3795,0.4853,0.4329,0.0524,H1723,H3796
MC_R023,Oral,Mandible,0.9044,0.9385,0.03410000000000002,H1199,H3272,0.6015,0.5432,0.05830000000000002,H1200,H3273,0.1603,0.1323,0.027999999999999997,H1201,H3274
MC_R023,Pharyngo-laryngeal,Supraglottic larynx,0.7826,0.7989,0.016300000000000092,H1112,H3185,5.1217,4.2744,0.8472999999999997,H1113,H3186,0.6378,0.5618,0.07600000000000007,H1114,H3187
MC_R023,Pharyngo-laryngeal,Thyroid,0.8438,0.883,0.03920000000000001,H1547,H3620,4.5766,3.4958,1.0808,H1548,H3621,0.5377,0.4875,0.05019999999999997,H1549,H3622
MC_R023,Pharyngo-laryngeal,Glottic larynx,0.8344,0.8505,0.016100000000000003,H1025,H3098,5.7187,5.0459,0.6728000000000005,H1026,H3099,0.687,0.5271,0.15990000000000004,H1027,H3100
