centre,roi_group,roi,metric,unit,n,before_model,before_mean,before_sd,before_min,before_max,before_q1,before_median,before_q3,after_model,after_mean,after_sd,after_min,after_max,after_q1,after_median,after_q3,mean_difference,sd_paired_difference,ci_lower,ci_upper,p_value,q_value,source_sheet,source_row,difference_cell,q_cell,p_numeric,q_numeric
Main centre,Small OARs,Optic chiasm,DSC,unitless,29,Conventional U-Net comparator,0.78,0.0378,0.7098,0.8556,0.7631,0.7774,0.8068,Locked source model,0.8043,0.0431,0.7223,0.9003,0.787,0.8064,0.8321,0.0243,0.0096,0.0206,0.0279,<0.0001,<0.0001,Table S5,2,W2,AB2,0.0001,0.0001
Main centre,Small OARs,Optic chiasm,HD95,mm,29,Conventional U-Net comparator,4.55,0.3887,3.7566,5.2766,4.3221,4.5021,4.8185,Locked source model,3.7589,0.4497,2.9285,4.7032,3.4815,3.6826,4.0953,-0.7911,0.1898,-0.8633,-0.7189,<0.0001,<0.0001,Table S5,3,W3,AB3,0.0001,0.0001
Main centre,Small OARs,Optic chiasm,ASD,mm,29,Conventional U-Net comparator,0.64,0.0647,0.517,0.7546,0.5947,0.6353,0.6874,Locked source model,0.5529,0.0701,0.4392,0.6905,0.5018,0.5597,0.5933,-0.0871,0.0187,-0.0942,-0.08,<0.0001,<0.0001,Table S5,4,W4,AB4,0.0001,0.0001
Main centre,Small OARs,Cochlea,DSC,unitless,29,Conventional U-Net comparator,0.82,0.0294,0.7613,0.8753,0.7995,0.8177,0.8401,Locked source model,0.86,0.0371,0.772,0.9121,0.8301,0.858,0.8913,0.04,0.0144,0.0345,0.0455,<0.0001,<0.0001,Table S5,5,W5,AB5,0.0001,0.0001
Main centre,Small OARs,Cochlea,HD95,mm,29,Conventional U-Net comparator,3.58,0.3585,3.013,4.2929,3.3507,3.5092,3.8377,Locked source model,3.1855,0.4062,2.4712,4.0245,2.8902,3.1002,3.5025,-0.3944,0.0961,-0.431,-0.3579,<0.0001,<0.0001,Table S5,6,W6,AB6,0.0001,0.0001
Main centre,Small OARs,Cochlea,ASD,mm,29,Conventional U-Net comparator,0.5,0.0376,0.4095,0.5969,0.4808,0.5,0.5161,Locked source model,0.4213,0.0461,0.3163,0.5299,0.3867,0.4191,0.4431,-0.0787,0.0209,-0.0867,-0.0708,<0.0001,<0.0001,Table S5,7,W7,AB7,0.0001,0.0001
Main centre,Small OARs,Eustachian tube bone,DSC,unitless,29,Conventional U-Net comparator,0.87,0.0332,0.8016,0.9321,0.8527,0.8819,0.8913,Locked source model,0.8904,0.0368,0.81,0.9589,0.8833,0.8996,0.9147,0.0204,0.0077,0.0174,0.0233,<0.0001,<0.0001,Table S5,8,W8,AB8,0.0001,0.0001
Main centre,Small OARs,Eustachian tube bone,HD95,mm,29,Conventional U-Net comparator,3.52,0.3326,2.9621,4.2275,3.3061,3.4567,3.7008,Locked source model,3.1603,0.3501,2.6314,3.8459,2.8894,3.1662,3.3671,-0.3597,0.0797,-0.39,-0.3294,<0.0001,<0.0001,Table S5,9,W9,AB9,0.0001,0.0001
Main centre,Small OARs,Eustachian tube bone,ASD,mm,29,Conventional U-Net comparator,0.39,0.0346,0.3176,0.498,0.3714,0.3897,0.4012,Locked source model,0.337,0.0336,0.2862,0.4415,0.3104,0.3315,0.353,-0.053,0.0098,-0.0567,-0.0492,<0.0001,<0.0001,Table S5,10,W10,AB10,0.0001,0.0001
Main centre,Small OARs,Internal auditory canal,DSC,unitless,29,Conventional U-Net comparator,0.86,0.0319,0.7887,0.9365,0.844,0.8641,0.8787,Locked source model,0.89,0.0339,0.8196,0.9502,0.8723,0.8924,0.9137,0.03,0.0128,0.0251,0.0349,<0.0001,<0.0001,Table S5,11,W11,AB11,0.0001,0.0001
Main centre,Small OARs,Internal auditory canal,HD95,mm,29,Conventional U-Net comparator,3.19,0.3087,2.6007,3.7977,3.0185,3.1474,3.4252,Locked source model,2.8521,0.3454,2.1027,3.618,2.6674,2.8168,3.0808,-0.3379,0.071,-0.3649,-0.3109,<0.0001,<0.0001,Table S5,12,W12,AB12,0.0001,0.0001
Main centre,Small OARs,Internal auditory canal,ASD,mm,29,Conventional U-Net comparator,0.35,0.0339,0.2763,0.4193,0.3266,0.3443,0.3772,Locked source model,0.3013,0.0359,0.2215,0.3897,0.2808,0.2948,0.3236,-0.0487,0.0098,-0.0524,-0.0449,<0.0001,<0.0001,Table S5,13,W13,AB13,0.0001,0.0001
Main centre,Small OARs,Lens,DSC,unitless,29,Conventional U-Net comparator,0.85,0.0317,0.7711,0.9041,0.8275,0.8558,0.873,Locked source model,0.89,0.0359,0.794,0.9484,0.8685,0.8981,0.9128,0.04,0.0142,0.0346,0.0454,<0.0001,<0.0001,Table S5,14,W14,AB14,0.0001,0.0001
Main centre,Small OARs,Lens,HD95,mm,29,Conventional U-Net comparator,3.09,0.2742,2.599,3.6431,2.967,3.052,3.3099,Locked source model,2.8207,0.2939,2.2599,3.4188,2.6384,2.7768,3.087,-0.2693,0.0609,-0.2925,-0.2461,<0.0001,<0.0001,Table S5,15,W15,AB15,0.0001,0.0001
Main centre,Small OARs,Lens,ASD,mm,29,Conventional U-Net comparator,0.37,0.029,0.3216,0.4316,0.3489,0.3664,0.3828,Locked source model,0.3008,0.0308,0.2522,0.3636,0.2735,0.2947,0.3217,-0.0692,0.0156,-0.0751,-0.0633,<0.0001,<0.0001,Table S5,16,W16,AB16,0.0001,0.0001
Main centre,Small OARs,Optic nerve,DSC,unitless,29,Conventional U-Net comparator,0.79,0.0541,0.6932,0.8878,0.7429,0.8018,0.8327,Locked source model,0.8188,0.0603,0.7021,0.918,0.7665,0.8356,0.8676,0.0288,0.0111,0.0246,0.033,<0.0001,<0.0001,Table S5,17,W17,AB17,0.0001,0.0001
Main centre,Small OARs,Optic nerve,HD95,mm,29,Conventional U-Net comparator,4.96,0.6617,3.8721,6.5991,4.4489,4.9199,5.4581,Locked source model,4.5685,0.7181,3.4163,6.3196,3.9775,4.4389,5.0951,-0.3915,0.0991,-0.4292,-0.3538,<0.0001,<0.0001,Table S5,18,W18,AB18,0.0001,0.0001
Main centre,Small OARs,Optic nerve,ASD,mm,29,Conventional U-Net comparator,0.69,0.0676,0.5695,0.8388,0.6371,0.6913,0.7293,Locked source model,0.5993,0.0807,0.4685,0.7712,0.5377,0.6082,0.6543,-0.0907,0.0219,-0.099,-0.0824,<0.0001,<0.0001,Table S5,19,W19,AB19,0.0001,0.0001
Main centre,Small OARs,Pituitary,DSC,unitless,29,Conventional U-Net comparator,0.71,0.0639,0.549,0.8016,0.6771,0.7192,0.7677,Locked source model,0.75,0.0736,0.562,0.8511,0.7095,0.765,0.809,0.04,0.015,0.0343,0.0457,<0.0001,<0.0001,Table S5,20,W20,AB20,0.0001,0.0001
Main centre,Small OARs,Pituitary,HD95,mm,29,Conventional U-Net comparator,5.29,1.033,3.8744,8.5909,4.59,4.9729,5.7527,Locked source model,4.8998,1.1131,3.3427,8.3413,4.1729,4.5973,5.4553,-0.3902,0.1159,-0.4343,-0.3461,<0.0001,<0.0001,Table S5,21,W21,AB21,0.0001,0.0001
Main centre,Small OARs,Pituitary,ASD,mm,29,Conventional U-Net comparator,1.033,0.1133,0.8045,1.2728,0.9763,1.0385,1.0903,Locked source model,0.8426,0.1338,0.5905,1.1328,0.752,0.8567,0.9169,-0.1903,0.0456,-0.2077,-0.173,<0.0001,<0.0001,Table S5,22,W22,AB22,0.0001,0.0001
Main centre,Small OARs,Temporomandibular joint,DSC,unitless,29,Conventional U-Net comparator,0.89,0.0258,0.8346,0.9405,0.8704,0.8952,0.9066,Locked source model,0.9099,0.0308,0.8476,0.9743,0.8875,0.9141,0.9312,0.0199,0.0085,0.0167,0.0231,<0.0001,<0.0001,Table S5,23,W23,AB23,0.0001,0.0001
Main centre,Small OARs,Temporomandibular joint,HD95,mm,29,Conventional U-Net comparator,2.74,0.252,2.1831,3.2268,2.5959,2.7418,2.9244,Locked source model,2.4404,0.2564,1.9121,2.9149,2.3191,2.4077,2.6031,-0.2996,0.0562,-0.321,-0.2782,<0.0001,<0.0001,Table S5,24,W24,AB24,0.0001,0.0001
Main centre,Small OARs,Temporomandibular joint,ASD,mm,29,Conventional U-Net comparator,0.33,0.0209,0.284,0.3681,0.3159,0.3301,0.3484,Locked source model,0.2731,0.024,0.2231,0.3152,0.2549,0.2703,0.2985,-0.0569,0.0107,-0.0609,-0.0528,<0.0001,<0.0001,Table S5,25,W25,AB25,0.0001,0.0001
Main centre,Small OARs,Tympanic cavity,DSC,unitless,29,Conventional U-Net comparator,0.76,0.0341,0.6794,0.8276,0.7422,0.7566,0.7818,Locked source model,0.79,0.0413,0.6991,0.8715,0.7691,0.7877,0.8144,0.03,0.0145,0.0245,0.0355,<0.0001,<0.0001,Table S5,26,W26,AB26,0.0001,0.0001
Main centre,Small OARs,Tympanic cavity,HD95,mm,29,Conventional U-Net comparator,4.74,0.4681,3.9566,5.8735,4.4016,4.6896,4.9859,Locked source model,4.1567,0.5001,3.3761,5.3439,3.776,4.1319,4.4325,-0.5833,0.1072,-0.624,-0.5425,<0.0001,<0.0001,Table S5,27,W27,AB27,0.0001,0.0001
Main centre,Small OARs,Tympanic cavity,ASD,mm,29,Conventional U-Net comparator,0.64,0.0575,0.5156,0.7648,0.6123,0.6367,0.679,Locked source model,0.5797,0.0604,0.4405,0.7214,0.5494,0.5636,0.6202,-0.0603,0.0145,-0.0658,-0.0548,<0.0001,<0.0001,Table S5,28,W28,AB28,0.0001,0.0001
Main centre,Small OARs,Vestibule/semicircular canals,DSC,unitless,29,Conventional U-Net comparator,0.78,0.0438,0.6987,0.8523,0.7505,0.7828,0.8086,Locked source model,0.81,0.0515,0.7163,0.9082,0.7763,0.8238,0.8415,0.03,0.014,0.0247,0.0353,<0.0001,<0.0001,Table S5,29,W29,AB29,0.0001,0.0001
Main centre,Small OARs,Vestibule/semicircular canals,HD95,mm,29,Conventional U-Net comparator,4.48,0.4756,3.5542,5.7818,4.2347,4.4495,4.7139,Locked source model,4.0095,0.5422,2.8296,5.4825,3.6916,3.9303,4.3252,-0.4705,0.1125,-0.5133,-0.4277,<0.0001,<0.0001,Table S5,30,W30,AB30,0.0001,0.0001
Main centre,Small OARs,Vestibule/semicircular canals,ASD,mm,29,Conventional U-Net comparator,0.62,0.0587,0.5106,0.7306,0.5778,0.6148,0.6699,Locked source model,0.5296,0.0633,0.4283,0.6399,0.4823,0.5186,0.5861,-0.0904,0.0183,-0.0973,-0.0834,<0.0001,<0.0001,Table S5,31,W31,AB31,0.0001,0.0001
Main centre,Large OARs,Eye,DSC,unitless,29,Conventional U-Net comparator,0.93,0.0132,0.9001,0.957,0.9248,0.9316,0.9376,Locked source model,0.9706,0.0113,0.943,0.9926,0.9646,0.9742,0.977,0.0406,0.0134,0.0355,0.0457,<0.0001,<0.0001,Table S5,32,W32,AB32,0.0001,0.0001
Main centre,Large OARs,Eye,HD95,mm,29,Conventional U-Net comparator,0.29,0.0183,0.2504,0.3357,0.2774,0.2935,0.3013,Locked source model,0.251,0.02,0.2115,0.3038,0.2438,0.2524,0.2582,-0.039,0.0074,-0.0418,-0.0363,<0.0001,<0.0001,Table S5,33,W33,AB33,0.0001,0.0001
Main centre,Large OARs,Eye,ASD,mm,29,Conventional U-Net comparator,0.0707,0.004,0.0629,0.08,0.0682,0.071,0.0729,Locked source model,0.0594,0.0044,0.0529,0.07,0.0559,0.0603,0.0617,-0.0112,0.0018,-0.0119,-0.0106,<0.0001,<0.0001,Table S5,34,W34,AB34,0.0001,0.0001
Main centre,Large OARs,Glottic larynx,DSC,unitless,29,Conventional U-Net comparator,0.82,0.0414,0.7521,0.9046,0.7931,0.8159,0.8535,Locked source model,0.8356,0.0437,0.7616,0.9181,0.8074,0.8348,0.8722,0.0156,0.0055,0.0135,0.0177,<0.0001,<0.0001,Table S5,35,W35,AB35,0.0001,0.0001
Main centre,Large OARs,Glottic larynx,HD95,mm,29,Conventional U-Net comparator,5.51,0.4744,4.3908,6.3682,5.1852,5.4412,5.7488,Locked source model,4.5971,0.6158,3.1053,5.6949,4.228,4.6463,5.0459,-0.9129,0.2548,-1.0098,-0.816,<0.0001,<0.0001,Table S5,36,W36,AB36,0.0001,0.0001
Main centre,Large OARs,Glottic larynx,ASD,mm,29,Conventional U-Net comparator,0.67,0.0742,0.5223,0.8094,0.6132,0.6628,0.7289,Locked source model,0.5597,0.0784,0.4152,0.716,0.5056,0.5569,0.6293,-0.1103,0.0273,-0.1207,-0.0999,<0.0001,<0.0001,Table S5,37,W37,AB37,0.0001,0.0001
Main centre,Large OARs,Supraglottic larynx,DSC,unitless,29,Conventional U-Net comparator,0.8502,0.0305,0.7826,0.9079,0.8316,0.8546,0.8713,Locked source model,0.8726,0.035,0.7989,0.9504,0.849,0.8777,0.8929,0.0223,0.0096,0.0187,0.026,<0.0001,<0.0001,Table S5,38,W38,AB38,0.0001,0.0001
Main centre,Large OARs,Supraglottic larynx,HD95,mm,29,Conventional U-Net comparator,4.99,0.392,4.1815,5.8996,4.7338,5.0693,5.2047,Locked source model,4.1724,0.4562,3.4054,5.2611,3.8708,4.221,4.3892,-0.8176,0.159,-0.8781,-0.7571,<0.0001,<0.0001,Table S5,39,W39,AB39,0.0001,0.0001
Main centre,Large OARs,Supraglottic larynx,ASD,mm,29,Conventional U-Net comparator,0.55,0.0542,0.4611,0.6998,0.5078,0.5386,0.5822,Locked source model,0.4813,0.0564,0.3619,0.6459,0.4417,0.4752,0.5127,-0.0687,0.0128,-0.0736,-0.0638,<0.0001,<0.0001,Table S5,40,W40,AB40,0.0001,0.0001
Main centre,Large OARs,Mandible,DSC,unitless,29,Conventional U-Net comparator,0.9201,0.0191,0.8834,0.949,0.9076,0.9199,0.9344,Locked source model,0.9547,0.0172,0.9156,0.9857,0.943,0.9546,0.9661,0.0346,0.0102,0.0307,0.0385,<0.0001,<0.0001,Table S5,41,W41,AB41,0.0001,0.0001
Main centre,Large OARs,Mandible,HD95,mm,29,Conventional U-Net comparator,0.53,0.0395,0.4744,0.621,0.4963,0.5297,0.5468,Locked source model,0.4726,0.045,0.399,0.5663,0.4398,0.4713,0.5052,-0.0574,0.0135,-0.0626,-0.0523,<0.0001,<0.0001,Table S5,42,W42,AB42,0.0001,0.0001
Main centre,Large OARs,Mandible,ASD,mm,29,Conventional U-Net comparator,0.16,0.0105,0.1319,0.1889,0.1542,0.1604,0.1638,Locked source model,0.1317,0.0107,0.1034,0.1627,0.1257,0.1317,0.1379,-0.0283,0.0052,-0.0303,-0.0263,<0.0001,<0.0001,Table S5,43,W43,AB43,0.0001,0.0001
Main centre,Large OARs,Oral cavity,DSC,unitless,29,Conventional U-Net comparator,0.8503,0.0343,0.7638,0.9057,0.8277,0.8546,0.8731,Locked source model,0.88,0.035,0.7845,0.9195,0.8593,0.8922,0.9019,0.0297,0.0119,0.0252,0.0343,<0.0001,<0.0001,Table S5,44,W44,AB44,0.0001,0.0001
Main centre,Large OARs,Oral cavity,HD95,mm,29,Conventional U-Net comparator,5.05,0.5129,4.1149,6.1566,4.7216,4.9659,5.4656,Locked source model,4.586,0.5453,3.6338,5.7112,4.1448,4.5428,5.0104,-0.464,0.1071,-0.5048,-0.4233,<0.0001,<0.0001,Table S5,45,W45,AB45,0.0001,0.0001
Main centre,Large OARs,Oral cavity,ASD,mm,29,Conventional U-Net comparator,0.56,0.0467,0.4725,0.6638,0.5273,0.5628,0.5949,Locked source model,0.4979,0.0481,0.3986,0.5965,0.4595,0.4949,0.5319,-0.0621,0.014,-0.0674,-0.0568,<0.0001,<0.0001,Table S5,46,W46,AB46,0.0001,0.0001
Main centre,Large OARs,Parotid gland,DSC,unitless,29,Conventional U-Net comparator,0.8803,0.029,0.815,0.933,0.8639,0.8839,0.906,Locked source model,0.9125,0.0318,0.8386,0.9732,0.8983,0.9125,0.9268,0.0323,0.012,0.0277,0.0368,<0.0001,<0.0001,Table S5,47,W47,AB47,0.0001,0.0001
Main centre,Large OARs,Parotid gland,HD95,mm,29,Conventional U-Net comparator,3.38,0.2971,2.8549,3.9247,3.1429,3.3783,3.6693,Locked source model,3.1488,0.3276,2.5548,3.6971,2.8906,3.1382,3.4657,-0.2312,0.0548,-0.2521,-0.2104,<0.0001,<0.0001,Table S5,48,W48,AB48,0.0001,0.0001
Main centre,Large OARs,Parotid gland,ASD,mm,29,Conventional U-Net comparator,0.4,0.027,0.3503,0.4652,0.3854,0.4016,0.4136,Locked source model,0.3534,0.0274,0.305,0.4096,0.3336,0.3525,0.3683,-0.0466,0.0084,-0.0498,-0.0434,<0.0001,<0.0001,Table S5,49,W49,AB49,0.0001,0.0001
Main centre,Large OARs,Brain stem,DSC,unitless,29,Conventional U-Net comparator,0.9001,0.0213,0.8661,0.9538,0.8855,0.8963,0.9106,Locked source model,0.9401,0.0205,0.898,0.974,0.9226,0.9428,0.9569,0.04,0.0156,0.0341,0.046,<0.0001,<0.0001,Table S5,50,W50,AB50,0.0001,0.0001
Main centre,Large OARs,Brain stem,HD95,mm,29,Conventional U-Net comparator,1.28,0.0955,1.1208,1.43,1.1923,1.2828,1.3637,Locked source model,1.2066,0.0969,1.0325,1.3644,1.1188,1.225,1.2769,-0.0734,0.0115,-0.0778,-0.069,<0.0001,<0.0001,Table S5,51,W51,AB51,0.0001,0.0001
Main centre,Large OARs,Brain stem,ASD,mm,29,Conventional U-Net comparator,0.22,0.013,0.1922,0.2382,0.2149,0.2202,0.231,Locked source model,0.1893,0.0141,0.1572,0.2152,0.1826,0.1903,0.2005,-0.0307,0.0058,-0.0329,-0.0285,<0.0001,<0.0001,Table S5,52,W52,AB52,0.0001,0.0001
Main centre,Large OARs,Thyroid,DSC,unitless,29,Conventional U-Net comparator,0.8118,0.0267,0.762,0.8607,0.7919,0.814,0.8291,Locked source model,0.8454,0.0344,0.7715,0.9079,0.8246,0.8495,0.8663,0.0336,0.0105,0.0296,0.0376,<0.0001,<0.0001,Table S5,53,W53,AB53,0.0001,0.0001
Main centre,Large OARs,Thyroid,HD95,mm,29,Conventional U-Net comparator,4.8992,0.3386,4.1977,5.6699,4.7291,4.9092,5.0514,Locked source model,4.2602,0.3922,3.4958,5.1342,4.141,4.2524,4.4599,-0.639,0.1454,-0.6943,-0.5837,<0.0001,<0.0001,Table S5,54,W54,AB54,0.0001,0.0001
Main centre,Large OARs,Thyroid,ASD,mm,29,Conventional U-Net comparator,0.5831,0.0469,0.5082,0.6879,0.5517,0.5732,0.6119,Locked source model,0.507,0.0571,0.4052,0.6191,0.4717,0.5018,0.5483,-0.0761,0.0221,-0.0845,-0.0676,<0.0001,<0.0001,Table S5,55,W55,AB55,0.0001,0.0001
Main centre,Large OARs,Temporal lobe,DSC,unitless,29,Conventional U-Net comparator,0.8202,0.0325,0.7642,0.9063,0.8035,0.8199,0.8325,Locked source model,0.8622,0.039,0.7853,0.9603,0.8385,0.8572,0.8876,0.042,0.0171,0.0355,0.0485,<0.0001,<0.0001,Table S5,56,W56,AB56,0.0001,0.0001
Main centre,Large OARs,Temporal lobe,HD95,mm,29,Conventional U-Net comparator,5.51,0.5111,4.4304,6.5036,5.1002,5.6174,5.8456,Locked source model,4.6567,0.5533,3.6225,5.5766,4.3463,4.5791,5.1011,-0.8533,0.1971,-0.9282,-0.7783,<0.0001,<0.0001,Table S5,57,W57,AB57,0.0001,0.0001
Main centre,Large OARs,Temporal lobe,ASD,mm,29,Conventional U-Net comparator,0.61,0.0443,0.5168,0.6889,0.5743,0.6177,0.6401,Locked source model,0.5229,0.0439,0.4355,0.6036,0.4945,0.5352,0.5464,-0.0871,0.0191,-0.0944,-0.0799,<0.0001,<0.0001,Table S5,58,W58,AB58,0.0001,0.0001
Main centre,Large OARs,Submandibular gland,DSC,unitless,29,Conventional U-Net comparator,0.8301,0.0317,0.7445,0.8767,0.8192,0.8325,0.8529,Locked source model,0.8556,0.0333,0.7571,0.9016,0.8428,0.8587,0.8746,0.0256,0.0075,0.0227,0.0284,<0.0001,<0.0001,Table S5,59,W59,AB59,0.0001,0.0001
Main centre,Large OARs,Submandibular gland,HD95,mm,29,Conventional U-Net comparator,5.06,0.4786,4.2337,6.6422,4.8082,5.0429,5.157,Locked source model,4.5559,0.5452,3.4365,6.4099,4.3084,4.5111,4.8249,-0.5041,0.1248,-0.5516,-0.4566,<0.0001,<0.0001,Table S5,60,W60,AB60,0.0001,0.0001
Main centre,Large OARs,Submandibular gland,ASD,mm,29,Conventional U-Net comparator,0.56,0.0445,0.449,0.645,0.5273,0.5667,0.5878,Locked source model,0.5146,0.0488,0.3986,0.614,0.4813,0.5169,0.5528,-0.0454,0.0083,-0.0485,-0.0422,<0.0001,<0.0001,Table S5,61,W61,AB61,0.0001,0.0001
Main centre,Large OARs,Spinal cord,DSC,unitless,29,Conventional U-Net comparator,0.8455,0.0279,0.7939,0.9011,0.8317,0.846,0.868,Locked source model,0.8807,0.0318,0.8094,0.9258,0.8684,0.881,0.9042,0.0352,0.0132,0.0302,0.0402,<0.0001,<0.0001,Table S5,62,W62,AB62,0.0001,0.0001
Main centre,Large OARs,Spinal cord,HD95,mm,29,Conventional U-Net comparator,4.0373,0.2615,3.5987,4.5231,3.8889,4.0622,4.2397,Locked source model,3.5107,0.2993,3.0065,4.1697,3.2577,3.5368,3.6443,-0.5266,0.1082,-0.5677,-0.4855,<0.0001,<0.0001,Table S5,63,W63,AB63,0.0001,0.0001
Main centre,Large OARs,Spinal cord,ASD,mm,29,Conventional U-Net comparator,0.4469,0.0334,0.355,0.5026,0.4283,0.4448,0.4681,Locked source model,0.3886,0.0345,0.2928,0.4475,0.3668,0.384,0.4098,-0.0583,0.0107,-0.0623,-0.0542,<0.0001,<0.0001,Table S5,64,W64,AB64,0.0001,0.0001
Centre I,Small OARs,Optic chiasm,DSC,unitless,14,Pre-adaptation model,0.7293,0.0401,0.68,0.8,0.6925,0.72,0.76,Locally adapted model,0.7058,0.0339,0.6646,0.7756,0.6844,0.6966,0.7087,-0.0235,0.0571,-0.0565,0.0094,0.1472,0.1892,Table S5,65,W65,AB65,0.1472,0.1892
Centre I,Small OARs,Optic chiasm,HD95,mm,14,Pre-adaptation model,6.535,0.6787,5.28,7.61,6.3225,6.595,6.8575,Locally adapted model,4.688,0.5608,3.716,5.6062,4.3492,4.7023,5.0427,-1.847,0.8404,-2.3322,-1.3617,<0.0001,<0.0001,Table S5,66,W66,AB66,0.0001,0.0001
Centre I,Small OARs,Optic chiasm,ASD,mm,14,Pre-adaptation model,3.1893,0.4702,2.3,4.11,2.905,3.2,3.3825,Locally adapted model,2.0227,0.2462,1.2724,2.2152,1.9675,2.0791,2.1782,-1.1665,0.5282,-1.4715,-0.8615,<0.0001,<0.0001,Table S5,67,W67,AB67,0.0001,0.0001
Centre I,Small OARs,Cochlea,DSC,unitless,14,Pre-adaptation model,0.4807,0.0568,0.35,0.57,0.4725,0.49,0.5075,Locally adapted model,0.76,0.0683,0.6603,0.8512,0.7165,0.7718,0.8237,0.2793,0.0887,0.2281,0.3305,<0.0001,<0.0001,Table S5,68,W68,AB68,0.0001,0.0001
Centre I,Small OARs,Cochlea,HD95,mm,14,Pre-adaptation model,7.3483,1.3391,5.28,9.73,6.3815,7.285,8.31,Locally adapted model,3.6,0.4328,2.8377,4.5007,3.3866,3.5347,3.8642,-3.7483,1.4493,-4.5851,-2.9115,<0.0001,<0.0001,Table S5,69,W69,AB69,0.0001,0.0001
Centre I,Small OARs,Cochlea,ASD,mm,14,Pre-adaptation model,5.8174,0.8159,4.31,6.99,5.3,5.58,6.6229,Locally adapted model,1.79,0.2098,1.5741,2.1158,1.6091,1.7276,1.938,-4.0274,0.8187,-4.5001,-3.5547,<0.0001,<0.0001,Table S5,70,W70,AB70,0.0001,0.0001
Centre I,Small OARs,Eustachian tube bone,DSC,unitless,14,Pre-adaptation model,0.5107,0.0773,0.42,0.67,0.4475,0.49,0.5525,Locally adapted model,0.83,0.0418,0.7655,0.8917,0.7971,0.8257,0.8721,0.3193,0.0863,0.2695,0.3691,<0.0001,<0.0001,Table S5,71,W71,AB71,0.0001,0.0001
Centre I,Small OARs,Eustachian tube bone,HD95,mm,14,Pre-adaptation model,8.2997,1.6751,4.99,10.41,7.2375,8.755,9.655,Locally adapted model,2.69,0.2708,2.2543,3.0583,2.4651,2.7194,2.9226,-5.6097,1.6473,-6.5608,-4.6586,<0.0001,<0.0001,Table S5,72,W72,AB72,0.0001,0.0001
Centre I,Small OARs,Eustachian tube bone,ASD,mm,14,Pre-adaptation model,6.2788,0.9218,4.62,7.99,5.6003,6.295,7.005,Locally adapted model,1.34,0.1093,1.1058,1.4795,1.3054,1.3759,1.4003,-4.9389,0.9465,-5.4854,-4.3923,<0.0001,<0.0001,Table S5,73,W73,AB73,0.0001,0.0001
Centre I,Small OARs,Internal auditory canal,DSC,unitless,14,Pre-adaptation model,0.5607,0.0391,0.51,0.65,0.5325,0.55,0.57,Locally adapted model,0.71,0.0518,0.6404,0.8167,0.6682,0.699,0.7464,0.1493,0.0672,0.1105,0.1881,<0.0001,<0.0001,Table S5,74,W74,AB74,0.0001,0.0001
Centre I,Small OARs,Internal auditory canal,HD95,mm,14,Pre-adaptation model,8.6829,0.9006,7.13,9.94,8.2125,8.595,9.425,Locally adapted model,5.45,0.5148,4.5242,6.4347,5.2253,5.3803,5.5816,-3.2328,1.0641,-3.8472,-2.6185,<0.0001,<0.0001,Table S5,75,W75,AB75,0.0001,0.0001
Centre I,Small OARs,Internal auditory canal,ASD,mm,14,Pre-adaptation model,5.1529,0.5362,4.29,6.18,4.865,5.08,5.385,Locally adapted model,2.8,0.2175,2.4506,3.1883,2.6135,2.7864,2.9228,-2.3529,0.5199,-2.653,-2.0527,<0.0001,<0.0001,Table S5,76,W76,AB76,0.0001,0.0001
Centre I,Small OARs,Lens,DSC,unitless,14,Pre-adaptation model,0.61,0.0541,0.54,0.75,0.57,0.605,0.63,Locally adapted model,0.73,0.0907,0.5184,0.8696,0.7036,0.7446,0.7698,0.12,0.0989,0.0629,0.1771,0.0006,0.001,Table S5,77,W77,AB77,0.0006,0.001
Centre I,Small OARs,Lens,HD95,mm,14,Pre-adaptation model,8.9679,1.4955,5.22,11.23,8.3725,8.955,9.5825,Locally adapted model,3.72,0.3953,3.1257,4.5685,3.5166,3.6662,3.8715,-5.2479,1.5397,-6.1368,-4.3589,<0.0001,<0.0001,Table S5,78,W78,AB78,0.0001,0.0001
Centre I,Small OARs,Lens,ASD,mm,14,Pre-adaptation model,4.89,0.7394,3.91,6.49,4.26,4.9,5.175,Locally adapted model,1.91,0.2066,1.5821,2.4136,1.8152,1.8662,1.9627,-2.98,0.7753,-3.4276,-2.5324,<0.0001,<0.0001,Table S5,79,W79,AB79,0.0001,0.0001
Centre I,Small OARs,Optic nerve,DSC,unitless,14,Pre-adaptation model,0.5486,0.0413,0.47,0.62,0.54,0.545,0.57,Locally adapted model,0.74,0.0692,0.6024,0.8486,0.7156,0.7494,0.7811,0.1914,0.0926,0.138,0.2449,<0.0001,<0.0001,Table S5,80,W80,AB80,0.0001,0.0001
Centre I,Small OARs,Optic nerve,HD95,mm,14,Pre-adaptation model,7.7836,0.9803,5.78,9.57,7.555,7.8,8.3125,Locally adapted model,4.74,0.559,3.5756,5.5845,4.361,4.7644,5.1696,-3.0436,1.0067,-3.6248,-2.4623,<0.0001,<0.0001,Table S5,81,W81,AB81,0.0001,0.0001
Centre I,Small OARs,Optic nerve,ASD,mm,14,Pre-adaptation model,5.4893,0.4886,4.46,6.32,5.125,5.53,5.8425,Locally adapted model,2.2833,0.1971,1.8532,2.6415,2.2574,2.3254,2.3948,-3.206,0.4764,-3.4811,-2.9309,<0.0001,<0.0001,Table S5,82,W82,AB82,0.0001,0.0001
Centre I,Small OARs,Pituitary,DSC,unitless,14,Pre-adaptation model,0.63,0.0673,0.51,0.74,0.5875,0.62,0.675,Locally adapted model,0.71,0.0582,0.5822,0.8179,0.6901,0.7094,0.7374,0.08,0.0986,0.0231,0.137,0.0096,0.0151,Table S5,83,W83,AB83,0.0096,0.0151
Centre I,Small OARs,Pituitary,HD95,mm,14,Pre-adaptation model,8.7707,1.1434,6.17,11.17,8.25,8.66,9.3975,Locally adapted model,4.61,0.5124,3.4368,5.7522,4.387,4.6616,4.7451,-4.1607,1.3494,-4.9399,-3.3816,<0.0001,<0.0001,Table S5,84,W84,AB84,0.0001,0.0001
Centre I,Small OARs,Pituitary,ASD,mm,14,Pre-adaptation model,4.9393,0.7499,3.41,6.24,4.5925,5.02,5.1875,Locally adapted model,2.36,0.2496,1.8149,2.8121,2.2283,2.3868,2.5016,-2.5793,0.8646,-3.0785,-2.0801,<0.0001,<0.0001,Table S5,85,W85,AB85,0.0001,0.0001
Centre I,Small OARs,Temporomandibular joint,DSC,unitless,14,Pre-adaptation model,0.8893,0.035,0.83,0.96,0.865,0.885,0.9075,Locally adapted model,0.89,0.0699,0.7614,0.9711,0.8478,0.9106,0.9421,0.0007,0.0825,-0.0469,0.0483,0.9752,0.9909,Table S5,86,W86,AB86,0.9752,0.9909
Centre I,Small OARs,Temporomandibular joint,HD95,mm,14,Pre-adaptation model,2.7436,0.2742,2.28,3.16,2.505,2.76,2.9025,Locally adapted model,1.8609,0.1336,1.7093,2.2043,1.7581,1.8306,1.9342,-0.8826,0.3439,-1.0812,-0.6841,<0.0001,<0.0001,Table S5,87,W87,AB87,0.0001,0.0001
Centre I,Small OARs,Temporomandibular joint,ASD,mm,14,Pre-adaptation model,1.435,0.138,1.21,1.65,1.3425,1.475,1.5275,Locally adapted model,0.93,0.1078,0.7686,1.119,0.8577,0.9253,0.9664,-0.505,0.182,-0.6101,-0.4,<0.0001,<0.0001,Table S5,88,W88,AB88,0.0001,0.0001
Centre I,Small OARs,Tympanic cavity,DSC,unitless,14,Pre-adaptation model,0.6079,0.0542,0.55,0.71,0.56,0.6,0.6425,Locally adapted model,0.76,0.064,0.6312,0.8511,0.7148,0.7498,0.8211,0.1521,0.0747,0.109,0.1953,<0.0001,<0.0001,Table S5,89,W89,AB89,0.0001,0.0001
Centre I,Small OARs,Tympanic cavity,HD95,mm,14,Pre-adaptation model,9.67,1.3913,7.79,12.48,8.6025,9.905,10.3475,Locally adapted model,3.67,0.4612,3.0282,4.8919,3.4432,3.6164,3.8844,-6.0,1.4578,-6.8417,-5.1583,<0.0001,<0.0001,Table S5,90,W90,AB90,0.0001,0.0001
Centre I,Small OARs,Tympanic cavity,ASD,mm,14,Pre-adaptation model,5.0364,0.6843,3.82,6.11,4.625,5.07,5.565,Locally adapted model,1.82,0.1884,1.5079,2.247,1.6795,1.819,1.9316,-3.2164,0.6618,-3.5986,-2.8343,<0.0001,<0.0001,Table S5,91,W91,AB91,0.0001,0.0001
Centre I,Small OARs,Vestibule/semicircular canals,DSC,unitless,14,Pre-adaptation model,0.7007,0.0497,0.58,0.76,0.68,0.715,0.73,Locally adapted model,0.79,0.07,0.6812,0.8945,0.7365,0.7714,0.8516,0.0893,0.0882,0.0384,0.1402,0.0023,0.0037,Table S5,92,W92,AB92,0.0023,0.0037
Centre I,Small OARs,Vestibule/semicircular canals,HD95,mm,14,Pre-adaptation model,6.9936,0.8611,5.29,8.07,6.42,7.09,7.6625,Locally adapted model,3.29,0.402,2.5557,3.9809,3.0272,3.2785,3.5916,-3.7036,0.9964,-4.2789,-3.1283,<0.0001,<0.0001,Table S5,93,W93,AB93,0.0001,0.0001
Centre I,Small OARs,Vestibule/semicircular canals,ASD,mm,14,Pre-adaptation model,3.6686,0.4088,3.2,4.52,3.31,3.66,3.845,Locally adapted model,1.64,0.2329,1.2675,2.0547,1.4539,1.6566,1.8151,-2.0286,0.501,-2.3178,-1.7393,<0.0001,<0.0001,Table S5,94,W94,AB94,0.0001,0.0001
Centre I,Large OARs,Eye,DSC,unitless,14,Pre-adaptation model,0.9107,0.0341,0.85,0.98,0.8925,0.915,0.93,Locally adapted model,0.91,0.0532,0.8558,0.994,0.8687,0.8901,0.957,-0.0007,0.0535,-0.0316,0.0302,0.9609,0.9909,Table S5,95,W95,AB95,0.9609,0.9909
Centre I,Large OARs,Eye,HD95,mm,14,Pre-adaptation model,1.095,0.1318,0.81,1.3,1.02,1.105,1.185,Locally adapted model,1.38,0.1316,1.0909,1.5684,1.3587,1.4072,1.4481,0.285,0.2263,0.1543,0.4157,0.0004,0.0008,Table S5,96,W96,AB96,0.0004,0.0008
Centre I,Large OARs,Eye,ASD,mm,14,Pre-adaptation model,0.5693,0.0633,0.47,0.67,0.5225,0.55,0.6175,Locally adapted model,0.63,0.0668,0.4777,0.7148,0.5958,0.634,0.6794,0.0607,0.1087,-0.002,0.1234,0.0568,0.0761,Table S5,97,W97,AB97,0.0568,0.0761
Centre I,Large OARs,Glottic larynx,DSC,unitless,14,Pre-adaptation model,0.82,0.0411,0.73,0.89,0.8,0.815,0.8475,Locally adapted model,0.84,0.0554,0.7489,0.9135,0.8028,0.8374,0.8917,0.02,0.0688,-0.0197,0.0597,0.2964,0.359,Table S5,98,W98,AB98,0.2964,0.359
Centre I,Large OARs,Glottic larynx,HD95,mm,14,Pre-adaptation model,2.0379,0.2149,1.59,2.31,1.9525,2.045,2.23,Locally adapted model,2.92,0.4198,2.2962,3.6239,2.5699,2.8196,3.1917,0.8821,0.5213,0.5811,1.1831,<0.0001,<0.0001,Table S5,99,W99,AB99,0.0001,0.0001
Centre I,Large OARs,Glottic larynx,ASD,mm,14,Pre-adaptation model,1.1286,0.1416,0.88,1.38,1.04,1.12,1.2025,Locally adapted model,1.47,0.1432,1.2685,1.6321,1.3224,1.5425,1.5852,0.3414,0.1826,0.236,0.4469,<0.0001,<0.0001,Table S5,100,W100,AB100,0.0001,0.0001
Centre I,Large OARs,Supraglottic larynx,DSC,unitless,14,Pre-adaptation model,0.7107,0.0308,0.66,0.76,0.685,0.715,0.73,Locally adapted model,0.75,0.0507,0.6545,0.8276,0.7212,0.7435,0.7834,0.0393,0.0695,-0.0009,0.0794,0.0544,0.0745,Table S5,101,W101,AB101,0.0544,0.0745
Centre I,Large OARs,Supraglottic larynx,HD95,mm,14,Pre-adaptation model,3.465,0.2616,3.09,4.04,3.3125,3.485,3.5425,Locally adapted model,4.25,0.4376,3.5677,4.9193,3.8971,4.2092,4.6,0.785,0.588,0.4455,1.1245,0.0002,0.0005,Table S5,102,W102,AB102,0.0002,0.0005
Centre I,Large OARs,Supraglottic larynx,ASD,mm,14,Pre-adaptation model,1.865,0.2454,1.54,2.4,1.655,1.89,2.015,Locally adapted model,2.08,0.1531,1.8587,2.3471,1.9711,2.0604,2.207,0.215,0.3197,0.0304,0.3996,0.0258,0.0378,Table S5,103,W103,AB103,0.0258,0.0378
Centre I,Large OARs,Mandible,DSC,unitless,14,Pre-adaptation model,0.8907,0.0182,0.86,0.92,0.88,0.89,0.9075,Locally adapted model,0.9,0.0562,0.7879,0.999,0.8726,0.9015,0.9352,0.0093,0.056,-0.023,0.0416,0.5451,0.6244,Table S5,104,W104,AB104,0.5451,0.6244
Centre I,Large OARs,Mandible,HD95,mm,14,Pre-adaptation model,1.805,0.1716,1.51,2.14,1.7225,1.805,1.88,Locally adapted model,1.49,0.1242,1.3276,1.8246,1.4074,1.4633,1.5387,-0.315,0.1872,-0.4231,-0.2069,<0.0001,<0.0001,Table S5,105,W105,AB105,0.0001,0.0001
Centre I,Large OARs,Mandible,ASD,mm,14,Pre-adaptation model,0.8979,0.09,0.76,1.11,0.845,0.875,0.94,Locally adapted model,0.76,0.0975,0.5889,0.9399,0.7056,0.7456,0.8264,-0.1379,0.1234,-0.2091,-0.0666,0.0011,0.0018,Table S5,106,W106,AB106,0.0011,0.0018
Centre I,Large OARs,Oral cavity,DSC,unitless,14,Pre-adaptation model,0.8614,0.0348,0.8,0.93,0.84,0.85,0.8775,Locally adapted model,0.86,0.0555,0.7776,0.9602,0.8262,0.8496,0.9083,-0.0014,0.0585,-0.0352,0.0324,0.9286,0.9862,Table S5,107,W107,AB107,0.9286,0.9862
Centre I,Large OARs,Oral cavity,HD95,mm,14,Pre-adaptation model,2.31,0.3416,1.76,2.88,2.055,2.29,2.5825,Locally adapted model,2.38,0.2166,2.0178,2.657,2.2444,2.4203,2.5284,0.07,0.4763,-0.205,0.345,0.5917,0.6656,Table S5,108,W108,AB108,0.5917,0.6656
Centre I,Large OARs,Oral cavity,ASD,mm,14,Pre-adaptation model,1.2029,0.1526,0.94,1.39,1.0825,1.225,1.34,Locally adapted model,1.22,0.1165,1.0269,1.4893,1.1804,1.2338,1.2768,0.0172,0.1644,-0.0778,0.1121,0.7026,0.7728,Table S5,109,W109,AB109,0.7026,0.7728
Centre I,Large OARs,Parotid gland,DSC,unitless,14,Pre-adaptation model,0.8714,0.04,0.8,0.93,0.845,0.88,0.8975,Locally adapted model,0.87,0.0582,0.7497,0.9545,0.8397,0.8584,0.9197,-0.0014,0.0681,-0.0407,0.0379,0.9392,0.9862,Table S5,110,W110,AB110,0.9392,0.9862
Centre I,Large OARs,Parotid gland,HD95,mm,14,Pre-adaptation model,2.1336,0.3237,1.58,2.65,1.9125,2.115,2.365,Locally adapted model,2.27,0.3179,1.7437,2.7994,2.0112,2.327,2.471,0.1364,0.4778,-0.1394,0.4123,0.3048,0.3623,Table S5,111,W111,AB111,0.3048,0.3623
Centre I,Large OARs,Parotid gland,ASD,mm,14,Pre-adaptation model,0.9914,0.1098,0.84,1.28,0.92,0.99,1.025,Locally adapted model,1.14,0.1733,0.8883,1.4812,0.9999,1.1646,1.2334,0.1486,0.1977,0.0344,0.2627,0.0147,0.0226,Table S5,112,W112,AB112,0.0147,0.0226
Centre I,Large OARs,Brain stem,DSC,unitless,14,Pre-adaptation model,0.8707,0.0322,0.8,0.92,0.86,0.87,0.8875,Locally adapted model,0.86,0.0375,0.8068,0.9414,0.8391,0.8464,0.8747,-0.0107,0.0364,-0.0317,0.0103,0.2916,0.359,Table S5,113,W113,AB113,0.2916,0.359
Centre I,Large OARs,Brain stem,HD95,mm,14,Pre-adaptation model,1.9914,0.3007,1.61,2.7,1.785,1.965,2.1775,Locally adapted model,2.03,0.1421,1.7858,2.291,1.9433,2.0362,2.1104,0.0386,0.3817,-0.1818,0.2589,0.7115,0.7728,Table S5,114,W114,AB114,0.7115,0.7728
Centre I,Large OARs,Brain stem,ASD,mm,14,Pre-adaptation model,1.0007,0.1262,0.76,1.17,0.8925,1.005,1.1275,Locally adapted model,1.05,0.1173,0.8629,1.3386,0.9891,1.0248,1.0774,0.0493,0.136,-0.0293,0.1278,0.1984,0.25,Table S5,115,W115,AB115,0.1984,0.25
Centre I,Large OARs,Thyroid,DSC,unitless,14,Pre-adaptation model,0.8686,0.017,0.85,0.9,0.8525,0.865,0.88,Locally adapted model,0.82,0.0599,0.7199,0.9368,0.7725,0.8171,0.8621,-0.0486,0.0657,-0.0865,-0.0106,0.0161,0.0241,Table S5,116,W116,AB116,0.0161,0.0241
Centre I,Large OARs,Thyroid,HD95,mm,14,Pre-adaptation model,1.9421,0.2481,1.59,2.25,1.705,1.98,2.145,Locally adapted model,2.95,0.2061,2.5794,3.3728,2.7771,2.996,3.0724,1.0079,0.2976,0.836,1.1797,<0.0001,<0.0001,Table S5,117,W117,AB117,0.0001,0.0001
Centre I,Large OARs,Thyroid,ASD,mm,14,Pre-adaptation model,1.0121,0.1284,0.71,1.19,0.94,1.0,1.1175,Locally adapted model,1.45,0.108,1.2402,1.6118,1.4078,1.4413,1.5233,0.4379,0.1682,0.3407,0.535,<0.0001,<0.0001,Table S5,118,W118,AB118,0.0001,0.0001
Centre I,Large OARs,Temporal lobe,DSC,unitless,14,Pre-adaptation model,0.88,0.0152,0.86,0.91,0.87,0.875,0.89,Locally adapted model,0.88,0.0512,0.7886,0.9705,0.8523,0.8761,0.9138,0.0,0.0505,-0.0292,0.0292,1,1,Table S5,119,W119,AB119,1.0,1.0
Centre I,Large OARs,Temporal lobe,HD95,mm,14,Pre-adaptation model,1.9643,0.2972,1.4,2.46,1.8875,1.965,2.1075,Locally adapted model,1.75,0.2127,1.474,2.1677,1.5575,1.7439,1.8725,-0.2143,0.3311,-0.4055,-0.0231,0.0308,0.0441,Table S5,120,W120,AB120,0.0308,0.0441
Centre I,Large OARs,Temporal lobe,ASD,mm,14,Pre-adaptation model,0.92,0.1229,0.68,1.17,0.8525,0.94,0.9775,Locally adapted model,0.89,0.1272,0.7316,1.1248,0.7997,0.8546,0.9173,-0.03,0.1465,-0.1146,0.0546,0.4574,0.5336,Table S5,121,W121,AB121,0.4574,0.5336
Centre I,Large OARs,Submandibular gland,DSC,unitless,14,Pre-adaptation model,0.86,0.0204,0.83,0.89,0.85,0.855,0.8775,Locally adapted model,0.84,0.0481,0.7771,0.9223,0.7993,0.8349,0.8748,-0.02,0.0429,-0.0447,0.0047,0.1044,0.1371,Table S5,122,W122,AB122,0.1044,0.1371
Centre I,Large OARs,Submandibular gland,HD95,mm,14,Pre-adaptation model,1.8479,0.2828,1.33,2.25,1.6425,1.86,2.0725,Locally adapted model,2.55,0.2031,2.2229,2.969,2.4128,2.5461,2.6305,0.7021,0.3349,0.5088,0.8955,<0.0001,<0.0001,Table S5,123,W123,AB123,0.0001,0.0001
Centre I,Large OARs,Submandibular gland,ASD,mm,14,Pre-adaptation model,0.8914,0.0912,0.75,1.02,0.83,0.89,0.98,Locally adapted model,1.29,0.084,1.1785,1.4688,1.2353,1.2866,1.3273,0.3986,0.0815,0.3515,0.4456,<0.0001,<0.0001,Table S5,124,W124,AB124,0.0001,0.0001
Centre I,Large OARs,Spinal cord,DSC,unitless,14,Pre-adaptation model,0.8393,0.0343,0.8,0.9,0.81,0.84,0.85,Locally adapted model,0.87,0.0424,0.8217,0.9682,0.8412,0.858,0.8848,0.0307,0.0531,0.0,0.0614,0.0497,0.0696,Table S5,125,W125,AB125,0.0497,0.0696
Centre I,Large OARs,Spinal cord,HD95,mm,14,Pre-adaptation model,2.1764,0.321,1.44,2.81,2.0425,2.145,2.3575,Locally adapted model,1.85,0.2113,1.4655,2.1894,1.736,1.8471,1.9849,-0.3264,0.3892,-0.5512,-0.1017,0.0079,0.0127,Table S5,126,W126,AB126,0.0079,0.0127
Centre I,Large OARs,Spinal cord,ASD,mm,14,Pre-adaptation model,1.0879,0.1531,0.76,1.36,1.0225,1.11,1.17,Locally adapted model,0.92,0.0914,0.7882,1.0875,0.8674,0.9058,0.9868,-0.1679,0.1419,-0.2498,-0.0859,0.0007,0.0012,Table S5,127,W127,AB127,0.0007,0.0012
Centre II,Small OARs,Optic chiasm,DSC,unitless,21,Pre-adaptation model,0.5102,0.0852,0.328,0.6516,0.4704,0.4976,0.5916,Locally adapted model,0.8114,0.0535,0.72,0.9,0.77,0.81,0.86,0.3012,0.0982,0.2565,0.3459,<0.0001,<0.0001,Table S5,128,W128,AB128,0.0001,0.0001
Centre II,Small OARs,Optic chiasm,HD95,mm,21,Pre-adaptation model,10.9925,1.9884,7.0105,14.9404,9.9599,10.8426,12.092,Locally adapted model,3.3195,0.2591,2.65,3.88,3.23,3.32,3.43,-7.673,1.9888,-8.5783,-6.7677,<0.0001,<0.0001,Table S5,129,W129,AB129,0.0001,0.0001
Centre II,Small OARs,Optic chiasm,ASD,mm,21,Pre-adaptation model,5.9134,0.7542,4.8249,7.1533,5.2159,5.8649,6.3878,Locally adapted model,1.67,0.1173,1.45,1.85,1.61,1.67,1.73,-4.2434,0.746,-4.583,-3.9038,<0.0001,<0.0001,Table S5,130,W130,AB130,0.0001,0.0001
Centre II,Small OARs,Cochlea,DSC,unitless,21,Pre-adaptation model,0.5799,0.0575,0.4711,0.6838,0.5448,0.5912,0.6086,Locally adapted model,0.78,0.062,0.65,0.92,0.74,0.79,0.81,0.2001,0.0867,0.1607,0.2396,<0.0001,<0.0001,Table S5,131,W131,AB131,0.0001,0.0001
Centre II,Small OARs,Cochlea,HD95,mm,21,Pre-adaptation model,9.7087,1.355,7.5778,12.8962,8.9071,9.4546,10.3069,Locally adapted model,3.3205,0.1828,3.0,3.65,3.2,3.33,3.45,-6.3883,1.3634,-7.0089,-5.7677,<0.0001,<0.0001,Table S5,132,W132,AB132,0.0001,0.0001
Centre II,Small OARs,Cochlea,ASD,mm,21,Pre-adaptation model,5.3939,0.8924,3.9645,7.57,4.7816,5.191,5.8807,Locally adapted model,1.6495,0.1265,1.38,1.89,1.57,1.67,1.73,-3.7444,0.8879,-4.1486,-3.3402,<0.0001,<0.0001,Table S5,133,W133,AB133,0.0001,0.0001
Centre II,Small OARs,Eustachian tube bone,DSC,unitless,21,Pre-adaptation model,0.6102,0.0455,0.5089,0.6693,0.6038,0.6182,0.6388,Locally adapted model,0.8152,0.038,0.73,0.87,0.79,0.82,0.84,0.205,0.0564,0.1794,0.2307,<0.0001,<0.0001,Table S5,134,W134,AB134,0.0001,0.0001
Centre II,Small OARs,Eustachian tube bone,HD95,mm,21,Pre-adaptation model,9.6672,1.1411,6.9696,11.6969,8.8986,9.8116,10.5214,Locally adapted model,2.8495,0.1332,2.63,3.11,2.77,2.82,2.94,-6.8177,1.1611,-7.3462,-6.2892,<0.0001,<0.0001,Table S5,135,W135,AB135,0.0001,0.0001
Centre II,Small OARs,Eustachian tube bone,ASD,mm,21,Pre-adaptation model,4.4468,0.6163,3.5457,5.7054,3.9749,4.3055,4.9295,Locally adapted model,1.51,0.105,1.28,1.73,1.45,1.5,1.6,-2.9368,0.6326,-3.2247,-2.6489,<0.0001,<0.0001,Table S5,136,W136,AB136,0.0001,0.0001
Centre II,Small OARs,Internal auditory canal,DSC,unitless,21,Pre-adaptation model,0.5697,0.0563,0.4909,0.7217,0.5265,0.5639,0.5951,Locally adapted model,0.7048,0.036,0.65,0.78,0.67,0.71,0.72,0.1351,0.066,0.105,0.1651,<0.0001,<0.0001,Table S5,137,W137,AB137,0.0001,0.0001
Centre II,Small OARs,Internal auditory canal,HD95,mm,21,Pre-adaptation model,7.4563,1.1743,5.5097,9.5439,6.6496,7.4884,7.9574,Locally adapted model,5.671,0.279,5.17,6.34,5.47,5.72,5.81,-1.7853,1.2089,-2.3357,-1.235,<0.0001,<0.0001,Table S5,138,W138,AB138,0.0001,0.0001
Centre II,Small OARs,Internal auditory canal,ASD,mm,21,Pre-adaptation model,4.9239,0.6612,3.2119,6.1141,4.7358,4.9196,5.3782,Locally adapted model,2.8395,0.163,2.54,3.15,2.74,2.86,2.92,-2.0843,0.6887,-2.3978,-1.7709,<0.0001,<0.0001,Table S5,139,W139,AB139,0.0001,0.0001
Centre II,Small OARs,Lens,DSC,unitless,21,Pre-adaptation model,0.7997,0.0223,0.7499,0.8556,0.7916,0.7966,0.809,Locally adapted model,0.85,0.0542,0.76,0.94,0.8,0.86,0.88,0.0503,0.0543,0.0256,0.075,0.0004,0.0006,Table S5,140,W140,AB140,0.0004,0.0006
Centre II,Small OARs,Lens,HD95,mm,21,Pre-adaptation model,4.7663,0.6363,3.3051,5.9265,4.3968,4.8709,5.1706,Locally adapted model,2.4695,0.133,2.2,2.8,2.41,2.47,2.53,-2.2967,0.6366,-2.5865,-2.007,<0.0001,<0.0001,Table S5,141,W141,AB141,0.0001,0.0001
Centre II,Small OARs,Lens,ASD,mm,21,Pre-adaptation model,2.3437,0.2438,1.9453,2.8421,2.1812,2.3759,2.5232,Locally adapted model,1.2295,0.0913,1.01,1.36,1.18,1.22,1.31,-1.1142,0.2843,-1.2436,-0.9848,<0.0001,<0.0001,Table S5,142,W142,AB142,0.0001,0.0001
Centre II,Small OARs,Optic nerve,DSC,unitless,21,Pre-adaptation model,0.5803,0.0702,0.4352,0.7014,0.5453,0.5854,0.6326,Locally adapted model,0.7395,0.0384,0.66,0.83,0.72,0.74,0.76,0.1592,0.0814,0.1222,0.1963,<0.0001,<0.0001,Table S5,143,W143,AB143,0.0001,0.0001
Centre II,Small OARs,Optic nerve,HD95,mm,21,Pre-adaptation model,10.394,1.5194,7.4392,13.4821,9.5249,10.2674,11.144,Locally adapted model,4.399,0.2575,3.94,4.82,4.21,4.42,4.57,-5.9949,1.5884,-6.7179,-5.2719,<0.0001,<0.0001,Table S5,144,W144,AB144,0.0001,0.0001
Centre II,Small OARs,Optic nerve,ASD,mm,21,Pre-adaptation model,4.8535,0.5233,3.8383,5.7546,4.4381,4.9669,5.2478,Locally adapted model,2.2035,0.0767,2.05,2.36,2.162,2.22,2.25,-2.65,0.5277,-2.8902,-2.4097,<0.0001,<0.0001,Table S5,145,W145,AB145,0.0001,0.0001
Centre II,Small OARs,Pituitary,DSC,unitless,21,Pre-adaptation model,0.6203,0.0575,0.517,0.7342,0.5846,0.6249,0.6471,Locally adapted model,0.7105,0.0581,0.6,0.83,0.68,0.71,0.74,0.0901,0.0546,0.0653,0.115,<0.0001,<0.0001,Table S5,146,W146,AB146,0.0001,0.0001
Centre II,Small OARs,Pituitary,HD95,mm,21,Pre-adaptation model,9.2628,1.3351,7.0775,11.5374,8.5803,9.3053,10.2284,Locally adapted model,4.7795,0.3687,4.05,5.75,4.51,4.79,5.01,-4.4833,1.3472,-5.0965,-3.87,<0.0001,<0.0001,Table S5,147,W147,AB147,0.0001,0.0001
Centre II,Small OARs,Pituitary,ASD,mm,21,Pre-adaptation model,4.2637,0.7101,2.7511,5.2723,3.6894,4.3379,4.9704,Locally adapted model,2.389,0.1709,2.12,2.73,2.25,2.42,2.45,-1.8747,0.6676,-2.1786,-1.5708,<0.0001,<0.0001,Table S5,148,W148,AB148,0.0001,0.0001
Centre II,Small OARs,Temporomandibular joint,DSC,unitless,21,Pre-adaptation model,0.8897,0.0127,0.8543,0.9215,0.884,0.8881,0.8943,Locally adapted model,0.8814,0.0425,0.82,0.95,0.85,0.88,0.91,-0.0083,0.0409,-0.0269,0.0103,0.3624,0.4077,Table S5,149,W149,AB149,0.3624,0.4077
Centre II,Small OARs,Temporomandibular joint,HD95,mm,21,Pre-adaptation model,2.7863,0.396,1.7414,3.4799,2.6249,2.8108,3.0102,Locally adapted model,1.8495,0.142,1.58,2.14,1.75,1.85,1.95,-0.9368,0.4158,-1.1261,-0.7475,<0.0001,<0.0001,Table S5,150,W150,AB150,0.0001,0.0001
Centre II,Small OARs,Temporomandibular joint,ASD,mm,21,Pre-adaptation model,1.3728,0.1435,1.0608,1.5747,1.3174,1.3898,1.4804,Locally adapted model,0.9395,0.0884,0.78,1.12,0.86,0.95,0.99,-0.4333,0.1668,-0.5092,-0.3573,<0.0001,<0.0001,Table S5,151,W151,AB151,0.0001,0.0001
Centre II,Small OARs,Tympanic cavity,DSC,unitless,21,Pre-adaptation model,0.6403,0.0623,0.5268,0.7647,0.5973,0.6337,0.6961,Locally adapted model,0.7876,0.0526,0.68,0.88,0.75,0.78,0.82,0.1473,0.0743,0.1135,0.1811,<0.0001,<0.0001,Table S5,152,W152,AB152,0.0001,0.0001
Centre II,Small OARs,Tympanic cavity,HD95,mm,21,Pre-adaptation model,8.4939,1.55,6.128,10.9503,7.1585,8.372,9.9261,Locally adapted model,3.3895,0.3073,2.75,3.94,3.11,3.41,3.64,-5.1044,1.6361,-5.8491,-4.3596,<0.0001,<0.0001,Table S5,153,W153,AB153,0.0001,0.0001
Centre II,Small OARs,Tympanic cavity,ASD,mm,21,Pre-adaptation model,4.2851,0.5167,2.9131,5.1189,4.0779,4.2162,4.6886,Locally adapted model,1.6795,0.099,1.45,1.83,1.61,1.69,1.74,-2.6055,0.5572,-2.8592,-2.3519,<0.0001,<0.0001,Table S5,154,W154,AB154,0.0001,0.0001
Centre II,Small OARs,Vestibule/semicircular canals,DSC,unitless,21,Pre-adaptation model,0.2804,0.0391,0.2221,0.3711,0.2519,0.2827,0.2927,Locally adapted model,0.7443,0.0523,0.67,0.86,0.71,0.74,0.78,0.4639,0.0651,0.4343,0.4936,<0.0001,<0.0001,Table S5,155,W155,AB155,0.0001,0.0001
Centre II,Small OARs,Vestibule/semicircular canals,HD95,mm,21,Pre-adaptation model,9.7443,0.8263,8.2658,11.4798,9.278,9.6431,10.1936,Locally adapted model,3.6905,0.3014,3.28,4.37,3.46,3.6,3.85,-6.0538,0.8623,-6.4464,-5.6613,<0.0001,<0.0001,Table S5,156,W156,AB156,0.0001,0.0001
Centre II,Small OARs,Vestibule/semicircular canals,ASD,mm,21,Pre-adaptation model,8.6388,1.0784,6.479,11.2533,7.8501,8.6563,9.1271,Locally adapted model,1.8,0.1185,1.58,2.04,1.72,1.79,1.87,-6.8388,1.0501,-7.3168,-6.3608,<0.0001,<0.0001,Table S5,157,W157,AB157,0.0001,0.0001
Centre II,Large OARs,Eye,DSC,unitless,21,Pre-adaptation model,0.9097,0.0127,0.8865,0.9336,0.9038,0.9092,0.919,Locally adapted model,0.8986,0.0442,0.81,0.97,0.86,0.9,0.93,-0.0111,0.0431,-0.0307,0.0085,0.2499,0.3028,Table S5,158,W158,AB158,0.2499,0.3028
Centre II,Large OARs,Eye,HD95,mm,21,Pre-adaptation model,1.104,0.1308,0.8656,1.3862,1.0343,1.1046,1.1814,Locally adapted model,1.3195,0.0923,1.18,1.51,1.26,1.3,1.39,0.2155,0.1712,0.1376,0.2934,<0.0001,<0.0001,Table S5,159,W159,AB159,0.0001,0.0001
Centre II,Large OARs,Eye,ASD,mm,21,Pre-adaptation model,0.5726,0.0606,0.443,0.6603,0.5241,0.5832,0.6238,Locally adapted model,0.6344,0.0264,0.59,0.692,0.62,0.63,0.64,0.0619,0.0721,0.029,0.0947,0.0008,0.0013,Table S5,160,W160,AB160,0.0008,0.0013
Centre II,Large OARs,Glottic larynx,DSC,unitless,21,Pre-adaptation model,0.7298,0.0439,0.6252,0.7946,0.7119,0.7298,0.7642,Locally adapted model,0.8424,0.0425,0.77,0.92,0.82,0.84,0.87,0.1126,0.0738,0.079,0.1462,<0.0001,<0.0001,Table S5,161,W161,AB161,0.0001,0.0001
Centre II,Large OARs,Glottic larynx,HD95,mm,21,Pre-adaptation model,3.1855,0.3466,2.4658,3.9607,2.9221,3.2164,3.3552,Locally adapted model,3.0195,0.2091,2.48,3.34,2.91,3.06,3.12,-0.1659,0.3989,-0.3475,0.0156,0.0711,0.0974,Table S5,162,W162,AB162,0.0711,0.0974
Centre II,Large OARs,Glottic larynx,ASD,mm,21,Pre-adaptation model,1.6272,0.1974,1.2071,1.9943,1.553,1.5958,1.6676,Locally adapted model,1.51,0.11,1.25,1.7,1.48,1.5,1.6,-0.1172,0.2377,-0.2254,-0.009,0.0352,0.0503,Table S5,163,W163,AB163,0.0352,0.0503
Centre II,Large OARs,Supraglottic larynx,DSC,unitless,21,Pre-adaptation model,0.7003,0.0469,0.6353,0.8037,0.6637,0.6906,0.7315,Locally adapted model,0.791,0.0559,0.7,0.9,0.75,0.79,0.83,0.0907,0.0824,0.0531,0.1282,<0.0001,0.0001,Table S5,164,W164,AB164,0.0001,0.0001
Centre II,Large OARs,Supraglottic larynx,HD95,mm,21,Pre-adaptation model,3.4863,0.4855,2.4398,4.4094,3.2549,3.4292,3.7828,Locally adapted model,3.33,0.2175,2.95,3.72,3.18,3.3,3.49,-0.1563,0.5432,-0.4036,0.0909,0.2021,0.2497,Table S5,165,W165,AB165,0.2021,0.2497
Centre II,Large OARs,Supraglottic larynx,ASD,mm,21,Pre-adaptation model,1.7927,0.2425,1.398,2.436,1.6382,1.7823,1.8735,Locally adapted model,1.71,0.1226,1.43,1.92,1.66,1.71,1.76,-0.0827,0.3246,-0.2304,0.0651,0.2568,0.3052,Table S5,166,W166,AB166,0.2568,0.3052
Centre II,Large OARs,Mandible,DSC,unitless,21,Pre-adaptation model,0.8903,0.0119,0.8684,0.9076,0.8793,0.8944,0.8998,Locally adapted model,0.881,0.0417,0.8,0.95,0.86,0.87,0.91,-0.0094,0.0441,-0.0294,0.0107,0.3429,0.3927,Table S5,167,W167,AB167,0.3429,0.3927
Centre II,Large OARs,Mandible,HD95,mm,21,Pre-adaptation model,1.7259,0.1522,1.3802,1.9368,1.6047,1.7731,1.8436,Locally adapted model,1.6595,0.0924,1.51,1.82,1.59,1.64,1.75,-0.0664,0.1664,-0.1422,0.0093,0.0823,0.1081,Table S5,168,W168,AB168,0.0823,0.1081
Centre II,Large OARs,Mandible,ASD,mm,21,Pre-adaptation model,0.8627,0.1166,0.67,1.0858,0.7943,0.8604,0.9538,Locally adapted model,0.85,0.0694,0.69,0.94,0.82,0.88,0.9,-0.0127,0.1187,-0.0668,0.0413,0.6283,0.6598,Table S5,169,W169,AB169,0.6283,0.6598
Centre II,Large OARs,Oral cavity,DSC,unitless,21,Pre-adaptation model,0.8697,0.0197,0.8379,0.9089,0.8548,0.8653,0.8844,Locally adapted model,0.879,0.0453,0.76,0.94,0.85,0.88,0.92,0.0094,0.0544,-0.0154,0.0341,0.4386,0.4848,Table S5,170,W170,AB170,0.4386,0.4848
Centre II,Large OARs,Oral cavity,HD95,mm,21,Pre-adaptation model,2.0356,0.2728,1.3023,2.5478,1.9098,2.063,2.1316,Locally adapted model,2.0795,0.1721,1.78,2.38,1.96,2.03,2.18,0.0439,0.3843,-0.131,0.2189,0.6062,0.6473,Table S5,171,W171,AB171,0.6062,0.6473
Centre II,Large OARs,Oral cavity,ASD,mm,21,Pre-adaptation model,1.0531,0.1242,0.7976,1.3389,0.9609,1.0889,1.1203,Locally adapted model,1.041,0.081,0.89,1.22,0.99,1.03,1.09,-0.0121,0.1662,-0.0878,0.0636,0.7422,0.7542,Table S5,172,W172,AB172,0.7422,0.7542
Centre II,Large OARs,Parotid gland,DSC,unitless,21,Pre-adaptation model,0.8104,0.0178,0.7785,0.8394,0.7964,0.8114,0.8234,Locally adapted model,0.8319,0.0409,0.75,0.91,0.81,0.83,0.86,0.0216,0.0401,0.0033,0.0398,0.023,0.0338,Table S5,173,W173,AB173,0.023,0.0338
Centre II,Large OARs,Parotid gland,HD95,mm,21,Pre-adaptation model,3.0147,0.3111,2.571,3.7175,2.6876,2.982,3.2229,Locally adapted model,2.7495,0.1734,2.39,3.03,2.63,2.76,2.89,-0.2652,0.3108,-0.4066,-0.1237,0.0009,0.0013,Table S5,174,W174,AB174,0.0009,0.0013
Centre II,Large OARs,Parotid gland,ASD,mm,21,Pre-adaptation model,1.5065,0.1233,1.2211,1.7624,1.4347,1.4845,1.6005,Locally adapted model,1.32,0.0704,1.15,1.47,1.28,1.32,1.35,-0.1865,0.1336,-0.2474,-0.1257,<0.0001,<0.0001,Table S5,175,W175,AB175,0.0001,0.0001
Centre II,Large OARs,Brain stem,DSC,unitless,21,Pre-adaptation model,0.8597,0.0181,0.8336,0.8966,0.8509,0.8553,0.8689,Locally adapted model,0.8414,0.053,0.75,0.94,0.79,0.85,0.88,-0.0183,0.06,-0.0456,0.009,0.1781,0.2245,Table S5,176,W176,AB176,0.1781,0.2245
Centre II,Large OARs,Brain stem,HD95,mm,21,Pre-adaptation model,2.1056,0.2923,1.6082,2.6082,1.8993,2.0688,2.291,Locally adapted model,2.08,0.1624,1.73,2.41,2.02,2.08,2.12,-0.0256,0.3119,-0.1676,0.1163,0.7104,0.7336,Table S5,177,W177,AB177,0.7104,0.7336
Centre II,Large OARs,Brain stem,ASD,mm,21,Pre-adaptation model,1.1027,0.1173,0.8674,1.2948,1.0369,1.1247,1.2,Locally adapted model,1.041,0.0691,0.95,1.18,0.99,1.02,1.1,-0.0618,0.1342,-0.1229,-0.0007,0.0477,0.0668,Table S5,178,W178,AB178,0.0477,0.0668
Centre II,Large OARs,Thyroid,DSC,unitless,21,Pre-adaptation model,0.7203,0.0529,0.6283,0.8005,0.6735,0.7266,0.7584,Locally adapted model,0.8386,0.0486,0.69,0.92,0.82,0.83,0.87,0.1183,0.076,0.0837,0.1528,<0.0001,<0.0001,Table S5,179,W179,AB179,0.0001,0.0001
Centre II,Large OARs,Thyroid,HD95,mm,21,Pre-adaptation model,3.5058,0.3882,2.8944,4.5586,3.2586,3.4147,3.6873,Locally adapted model,2.5,0.1765,2.19,2.88,2.4,2.54,2.58,-1.0058,0.3871,-1.182,-0.8296,<0.0001,<0.0001,Table S5,180,W180,AB180,0.0001,0.0001
Centre II,Large OARs,Thyroid,ASD,mm,21,Pre-adaptation model,1.6975,0.2445,1.382,2.4728,1.5462,1.6482,1.8424,Locally adapted model,1.279,0.121,0.97,1.51,1.25,1.27,1.36,-0.4185,0.2567,-0.5353,-0.3017,<0.0001,<0.0001,Table S5,181,W181,AB181,0.0001,0.0001
Centre II,Large OARs,Temporal lobe,DSC,unitless,21,Pre-adaptation model,0.8703,0.0194,0.8431,0.9073,0.8558,0.8707,0.8784,Locally adapted model,0.8733,0.0341,0.81,0.93,0.85,0.87,0.9,0.003,0.044,-0.017,0.023,0.7555,0.7555,Table S5,182,W182,AB182,0.7555,0.7555
Centre II,Large OARs,Temporal lobe,HD95,mm,21,Pre-adaptation model,2.1946,0.2189,1.9323,2.774,2.0499,2.1127,2.344,Locally adapted model,1.85,0.1078,1.65,2.06,1.76,1.84,1.92,-0.3446,0.2481,-0.4576,-0.2317,<0.0001,<0.0001,Table S5,183,W183,AB183,0.0001,0.0001
Centre II,Large OARs,Temporal lobe,ASD,mm,21,Pre-adaptation model,0.9726,0.0998,0.7848,1.1621,0.9011,0.9886,1.0246,Locally adapted model,0.95,0.0452,0.85,1.02,0.93,0.96,0.98,-0.0226,0.1046,-0.0702,0.025,0.3338,0.3895,Table S5,184,W184,AB184,0.3338,0.3895
Centre II,Large OARs,Submandibular gland,DSC,unitless,21,Pre-adaptation model,0.6503,0.0446,0.5232,0.7286,0.6302,0.6574,0.6736,Locally adapted model,0.8281,0.0544,0.73,0.92,0.79,0.83,0.86,0.1778,0.0711,0.1454,0.2101,<0.0001,<0.0001,Table S5,185,W185,AB185,0.0001,0.0001
Centre II,Large OARs,Submandibular gland,HD95,mm,21,Pre-adaptation model,4.2745,0.754,3.032,5.7233,3.824,4.2536,4.5855,Locally adapted model,2.4195,0.1629,2.1,2.66,2.34,2.46,2.55,-1.8549,0.764,-2.2027,-1.5072,<0.0001,<0.0001,Table S5,186,W186,AB186,0.0001,0.0001
Centre II,Large OARs,Submandibular gland,ASD,mm,21,Pre-adaptation model,1.9939,0.1675,1.7627,2.3936,1.8732,1.9748,2.103,Locally adapted model,1.23,0.0846,1.08,1.38,1.17,1.22,1.28,-0.7639,0.1875,-0.8492,-0.6785,<0.0001,<0.0001,Table S5,187,W187,AB187,0.0001,0.0001
Centre II,Large OARs,Spinal cord,DSC,unitless,21,Pre-adaptation model,0.8497,0.0237,0.8033,0.8984,0.8421,0.8496,0.8604,Locally adapted model,0.8557,0.047,0.8,0.95,0.82,0.84,0.88,0.006,0.0486,-0.0162,0.0281,0.58,0.63,Table S5,188,W188,AB188,0.58,0.63
Centre II,Large OARs,Spinal cord,HD95,mm,21,Pre-adaptation model,2.3057,0.3139,1.8199,2.7898,2.0511,2.3074,2.5396,Locally adapted model,2.1495,0.1679,1.83,2.51,2.07,2.14,2.25,-0.1561,0.381,-0.3295,0.0173,0.075,0.1006,Table S5,189,W189,AB189,0.075,0.1006
Centre II,Large OARs,Spinal cord,ASD,mm,21,Pre-adaptation model,1.1473,0.1499,0.8122,1.4204,1.0847,1.1257,1.1923,Locally adapted model,1.0795,0.0945,0.89,1.26,1.03,1.08,1.13,-0.0678,0.1876,-0.1532,0.0176,0.1133,0.1457,Table S5,190,W190,AB190,0.1133,0.1457
Centre III,Small OARs,Optic chiasm,DSC,unitless,14,Pre-adaptation model,0.7219,0.035,0.66,0.78,0.7,0.725,0.739,Locally adapted model,0.75,0.0563,0.6,0.82,0.72,0.755,0.79,0.0281,0.0608,-0.007,0.0632,0.1068,0.1495,Table S5,191,W191,AB191,0.1068,0.1495
Centre III,Small OARs,Optic chiasm,HD95,mm,14,Pre-adaptation model,6.5493,0.7003,5.64,7.79,6.005,6.53,6.96,Locally adapted model,4.1329,0.3079,3.47,4.52,3.915,4.16,4.385,-2.4164,0.8518,-2.9083,-1.9246,<0.0001,<0.0001,Table S5,192,W192,AB192,0.0001,0.0001
Centre III,Small OARs,Optic chiasm,ASD,mm,14,Pre-adaptation model,3.7093,0.5114,2.99,4.83,3.37,3.685,3.9425,Locally adapted model,2.105,0.286,1.62,2.84,1.965,2.085,2.215,-1.6043,0.6279,-1.9668,-1.2417,<0.0001,<0.0001,Table S5,193,W193,AB193,0.0001,0.0001
Centre III,Small OARs,Cochlea,DSC,unitless,14,Pre-adaptation model,0.6107,0.0696,0.48,0.73,0.565,0.62,0.66,Locally adapted model,0.71,0.04,0.65,0.79,0.6825,0.7,0.735,0.0993,0.0771,0.0548,0.1438,0.0003,0.0006,Table S5,194,W194,AB194,0.0003,0.0006
Centre III,Small OARs,Cochlea,HD95,mm,14,Pre-adaptation model,9.2171,0.5027,8.11,9.96,8.9775,9.285,9.5825,Locally adapted model,4.2071,0.3275,3.4,4.75,4.0625,4.26,4.35,-5.01,0.7402,-5.4374,-4.5826,<0.0001,<0.0001,Table S5,195,W195,AB195,0.0001,0.0001
Centre III,Small OARs,Cochlea,ASD,mm,14,Pre-adaptation model,4.5721,0.5462,3.79,5.55,4.205,4.465,5.0325,Locally adapted model,2.0586,0.2021,1.82,2.41,1.935,1.98,2.2375,-2.5136,0.5747,-2.8454,-2.1818,<0.0001,<0.0001,Table S5,196,W196,AB196,0.0001,0.0001
Centre III,Small OARs,Eustachian tube bone,DSC,unitless,14,Pre-adaptation model,0.6707,0.0473,0.6,0.75,0.64,0.66,0.6975,Locally adapted model,0.6707,0.0559,0.6,0.8,0.6325,0.655,0.69,0.0,0.0619,-0.0357,0.0357,1,1,Table S5,197,W197,AB197,1.0,1.0
Centre III,Small OARs,Eustachian tube bone,HD95,mm,14,Pre-adaptation model,7.8229,0.7816,6.64,9.31,7.155,7.855,8.33,Locally adapted model,4.5529,0.5719,3.41,5.23,4.28,4.74,4.88,-3.27,0.8771,-3.7764,-2.7636,<0.0001,<0.0001,Table S5,198,W198,AB198,0.0001,0.0001
Centre III,Small OARs,Eustachian tube bone,ASD,mm,14,Pre-adaptation model,4.2093,0.3704,3.58,4.74,4.0225,4.205,4.53,Locally adapted model,2.4043,0.2032,2.1,2.76,2.2975,2.375,2.5075,-1.805,0.4182,-2.0465,-1.5635,<0.0001,<0.0001,Table S5,199,W199,AB199,0.0001,0.0001
Centre III,Small OARs,Internal auditory canal,DSC,unitless,14,Pre-adaptation model,0.5593,0.0753,0.4,0.66,0.5125,0.58,0.6175,Locally adapted model,0.67,0.0548,0.55,0.76,0.65,0.655,0.6975,0.1107,0.0821,0.0633,0.1581,0.0002,0.0005,Table S5,200,W200,AB200,0.0002,0.0005
Centre III,Small OARs,Internal auditory canal,HD95,mm,14,Pre-adaptation model,9.1757,1.4762,6.86,11.91,8.215,8.695,9.8325,Locally adapted model,6.44,0.7889,4.86,8.4,6.0375,6.44,6.8025,-2.7357,1.5433,-3.6268,-1.8446,<0.0001,<0.0001,Table S5,201,W201,AB201,0.0001,0.0001
Centre III,Small OARs,Internal auditory canal,ASD,mm,14,Pre-adaptation model,5.2521,0.5766,4.3,6.13,4.9175,5.235,5.505,Locally adapted model,3.1607,0.4417,2.55,4.11,2.8075,3.08,3.4025,-2.0914,0.7325,-2.5143,-1.6685,<0.0001,<0.0001,Table S5,202,W202,AB202,0.0001,0.0001
Centre III,Small OARs,Lens,DSC,unitless,14,Pre-adaptation model,0.6293,0.0701,0.52,0.77,0.5825,0.625,0.6675,Locally adapted model,0.63,0.0447,0.55,0.7,0.6025,0.63,0.66,0.0007,0.0777,-0.0442,0.0456,0.9731,0.9929,Table S5,203,W203,AB203,0.9731,0.9929
Centre III,Small OARs,Lens,HD95,mm,14,Pre-adaptation model,8.2786,1.0159,6.29,10.54,7.6375,8.305,8.9375,Locally adapted model,4.8629,0.4794,4.14,5.72,4.5225,4.835,5.1725,-3.4157,1.2302,-4.126,-2.7054,<0.0001,<0.0001,Table S5,204,W204,AB204,0.0001,0.0001
Centre III,Small OARs,Lens,ASD,mm,14,Pre-adaptation model,4.7179,0.5175,3.92,5.66,4.415,4.71,4.8975,Locally adapted model,2.5271,0.2557,2.21,2.95,2.2625,2.58,2.7475,-2.1907,0.6216,-2.5496,-1.8318,<0.0001,<0.0001,Table S5,205,W205,AB205,0.0001,0.0001
Centre III,Small OARs,Optic nerve,DSC,unitless,14,Pre-adaptation model,0.5893,0.064,0.48,0.67,0.5325,0.605,0.6375,Locally adapted model,0.6886,0.0428,0.6,0.75,0.6575,0.695,0.7175,0.0993,0.0882,0.0484,0.1502,0.001,0.0018,Table S5,206,W206,AB206,0.001,0.0018
Centre III,Small OARs,Optic nerve,HD95,mm,14,Pre-adaptation model,9.2879,1.2215,7.43,11.48,8.56,8.96,10.1575,Locally adapted model,5.6379,0.4433,4.97,6.5,5.4075,5.545,5.9025,-3.65,1.4234,-4.4718,-2.8282,<0.0001,<0.0001,Table S5,207,W207,AB207,0.0001,0.0001
Centre III,Small OARs,Optic nerve,ASD,mm,14,Pre-adaptation model,5.025,0.8232,3.76,6.28,4.3575,4.905,5.825,Locally adapted model,2.7043,0.1914,2.41,2.99,2.55,2.725,2.88,-2.3207,0.821,-2.7947,-1.8467,<0.0001,<0.0001,Table S5,208,W208,AB208,0.0001,0.0001
Centre III,Small OARs,Pituitary,DSC,unitless,14,Pre-adaptation model,0.61,0.0634,0.52,0.75,0.565,0.61,0.6525,Locally adapted model,0.6407,0.0494,0.57,0.77,0.6125,0.635,0.65,0.0307,0.083,-0.0172,0.0786,0.1893,0.2434,Table S5,209,W209,AB209,0.1893,0.2434
Centre III,Small OARs,Pituitary,HD95,mm,14,Pre-adaptation model,9.73,1.0818,8.3,12.61,9.0475,9.565,10.2,Locally adapted model,5.7586,0.6687,4.9,6.76,5.1225,5.89,6.2025,-3.9714,1.4686,-4.8194,-3.1235,<0.0001,<0.0001,Table S5,210,W210,AB210,0.0001,0.0001
Centre III,Small OARs,Pituitary,ASD,mm,14,Pre-adaptation model,4.8721,0.3768,4.19,5.38,4.63,4.8,5.2375,Locally adapted model,2.8871,0.3007,2.26,3.25,2.705,2.885,3.1075,-1.985,0.4952,-2.2709,-1.6991,<0.0001,<0.0001,Table S5,211,W211,AB211,0.0001,0.0001
Centre III,Small OARs,Temporomandibular joint,DSC,unitless,14,Pre-adaptation model,0.87,0.0594,0.76,0.97,0.8425,0.875,0.9175,Locally adapted model,0.8707,0.0308,0.8,0.91,0.86,0.88,0.89,0.0007,0.0671,-0.038,0.0394,0.9688,0.9929,Table S5,212,W212,AB212,0.9688,0.9929
Centre III,Small OARs,Temporomandibular joint,HD95,mm,14,Pre-adaptation model,2.3021,0.2576,1.93,2.84,2.1675,2.245,2.4675,Locally adapted model,1.8586,0.1286,1.65,2.1,1.7525,1.85,1.9525,-0.4436,0.2878,-0.6098,-0.2774,<0.0001,0.0001,Table S5,213,W213,AB213,0.0001,0.0001
Centre III,Small OARs,Temporomandibular joint,ASD,mm,14,Pre-adaptation model,1.5207,0.1502,1.31,1.87,1.4325,1.5,1.575,Locally adapted model,1.0721,0.0918,0.9,1.27,1.0225,1.055,1.12,-0.4486,0.1541,-0.5375,-0.3596,<0.0001,<0.0001,Table S5,214,W214,AB214,0.0001,0.0001
Centre III,Small OARs,Tympanic cavity,DSC,unitless,14,Pre-adaptation model,0.5086,0.0571,0.42,0.59,0.4725,0.505,0.5475,Locally adapted model,0.71,0.0571,0.59,0.79,0.7,0.72,0.75,0.2014,0.0595,0.1671,0.2358,<0.0001,<0.0001,Table S5,215,W215,AB215,0.0001,0.0001
Centre III,Small OARs,Tympanic cavity,HD95,mm,14,Pre-adaptation model,9.2907,1.1189,7.68,11.07,8.425,9.37,10.065,Locally adapted model,4.4643,0.3794,3.98,5.02,4.1625,4.365,4.87,-4.8264,1.1831,-5.5095,-4.1433,<0.0001,<0.0001,Table S5,216,W216,AB216,0.0001,0.0001
Centre III,Small OARs,Tympanic cavity,ASD,mm,14,Pre-adaptation model,6.0643,0.7835,4.87,7.33,5.5525,5.815,6.8,Locally adapted model,1.9414,0.1701,1.64,2.32,1.8725,1.895,2.0075,-4.1229,0.7009,-4.5276,-3.7182,<0.0001,<0.0001,Table S5,217,W217,AB217,0.0001,0.0001
Centre III,Small OARs,Vestibule/semicircular canals,DSC,unitless,14,Pre-adaptation model,0.5314,0.0701,0.41,0.63,0.495,0.525,0.59,Locally adapted model,0.7307,0.0399,0.67,0.84,0.71,0.73,0.75,0.1993,0.0886,0.1481,0.2505,<0.0001,<0.0001,Table S5,218,W218,AB218,0.0001,0.0001
Centre III,Small OARs,Vestibule/semicircular canals,HD95,mm,14,Pre-adaptation model,7.6443,1.1458,5.54,9.88,6.9375,7.55,8.495,Locally adapted model,4.0936,0.3625,3.33,4.63,3.81,4.19,4.3525,-3.5507,1.258,-4.2771,-2.8244,<0.0001,<0.0001,Table S5,219,W219,AB219,0.0001,0.0001
Centre III,Small OARs,Vestibule/semicircular canals,ASD,mm,14,Pre-adaptation model,5.6893,0.6687,4.04,6.82,5.4675,5.71,5.9575,Locally adapted model,2.0329,0.2415,1.6,2.55,1.905,2.01,2.1375,-3.6564,0.8015,-4.1192,-3.1937,<0.0001,<0.0001,Table S5,220,W220,AB220,0.0001,0.0001
Centre III,Large OARs,Eye,DSC,unitless,14,Pre-adaptation model,0.91,0.0388,0.83,0.97,0.8925,0.92,0.9375,Locally adapted model,0.9107,0.0276,0.87,0.97,0.8925,0.91,0.9275,0.0007,0.0463,-0.026,0.0275,0.9549,0.9929,Table S5,221,W221,AB221,0.9549,0.9929
Centre III,Large OARs,Eye,HD95,mm,14,Pre-adaptation model,1.1007,0.0824,0.97,1.24,1.0525,1.1,1.15,Locally adapted model,1.4393,0.1252,1.26,1.64,1.36,1.42,1.535,0.3386,0.1615,0.2453,0.4318,<0.0001,<0.0001,Table S5,222,W222,AB222,0.0001,0.0001
Centre III,Large OARs,Eye,ASD,mm,14,Pre-adaptation model,0.5693,0.0453,0.49,0.64,0.54,0.565,0.6,Locally adapted model,0.6579,0.0529,0.54,0.73,0.635,0.675,0.69,0.0886,0.0855,0.0392,0.1379,0.0019,0.0032,Table S5,223,W223,AB223,0.0019,0.0032
Centre III,Large OARs,Glottic larynx,DSC,unitless,14,Pre-adaptation model,0.7593,0.0716,0.61,0.86,0.73,0.765,0.815,Locally adapted model,0.8393,0.0194,0.81,0.87,0.8225,0.835,0.86,0.08,0.0699,0.0396,0.1204,0.0009,0.0017,Table S5,224,W224,AB224,0.0009,0.0017
Centre III,Large OARs,Glottic larynx,HD95,mm,14,Pre-adaptation model,2.8421,0.3316,2.23,3.51,2.7225,2.805,3.09,Locally adapted model,1.9286,0.1598,1.74,2.3,1.835,1.885,2.0275,-0.9136,0.411,-1.1509,-0.6763,<0.0001,<0.0001,Table S5,225,W225,AB225,0.0001,0.0001
Centre III,Large OARs,Glottic larynx,ASD,mm,14,Pre-adaptation model,1.3993,0.1838,1.16,1.81,1.2575,1.35,1.5275,Locally adapted model,1.1757,0.1027,0.94,1.34,1.1425,1.18,1.24,-0.2236,0.2135,-0.3468,-0.1003,0.0018,0.0031,Table S5,226,W226,AB226,0.0018,0.0031
Centre III,Large OARs,Supraglottic larynx,DSC,unitless,14,Pre-adaptation model,0.72,0.0464,0.65,0.81,0.69,0.71,0.75,Locally adapted model,0.79,0.0277,0.73,0.84,0.7725,0.79,0.81,0.07,0.0523,0.0398,0.1002,0.0002,0.0005,Table S5,227,W227,AB227,0.0002,0.0005
Centre III,Large OARs,Supraglottic larynx,HD95,mm,14,Pre-adaptation model,3.5879,0.3284,2.99,4.06,3.3825,3.6,3.855,Locally adapted model,2.9957,0.2437,2.59,3.32,2.87,3.02,3.1575,-0.5921,0.2843,-0.7563,-0.428,<0.0001,<0.0001,Table S5,228,W228,AB228,0.0001,0.0001
Centre III,Large OARs,Supraglottic larynx,ASD,mm,14,Pre-adaptation model,1.5836,0.1382,1.31,1.73,1.5225,1.64,1.6775,Locally adapted model,1.5493,0.1009,1.31,1.71,1.5225,1.54,1.6,-0.0343,0.188,-0.1428,0.0743,0.507,0.6143,Table S5,229,W229,AB229,0.507,0.6143
Centre III,Large OARs,Mandible,DSC,unitless,14,Pre-adaptation model,0.8786,0.055,0.8,0.96,0.83,0.875,0.9275,Locally adapted model,0.89,0.0424,0.83,0.95,0.8475,0.89,0.93,0.0114,0.0748,-0.0318,0.0546,0.5774,0.6863,Table S5,230,W230,AB230,0.5774,0.6863
Centre III,Large OARs,Mandible,HD95,mm,14,Pre-adaptation model,1.8414,0.2735,1.4,2.4,1.6525,1.88,1.95,Locally adapted model,1.66,0.088,1.48,1.79,1.605,1.675,1.7225,-0.1814,0.2935,-0.3509,-0.0119,0.0378,0.0566,Table S5,231,W231,AB231,0.0378,0.0566
Centre III,Large OARs,Mandible,ASD,mm,14,Pre-adaptation model,1.0229,0.0974,0.81,1.17,1.0,1.01,1.0775,Locally adapted model,0.8393,0.0804,0.72,0.99,0.775,0.825,0.905,-0.1836,0.1367,-0.2625,-0.1046,0.0002,0.0005,Table S5,232,W232,AB232,0.0002,0.0005
Centre III,Large OARs,Oral cavity,DSC,unitless,14,Pre-adaptation model,0.87,0.0472,0.77,0.97,0.8525,0.865,0.8975,Locally adapted model,0.8693,0.0405,0.8,0.94,0.845,0.88,0.8875,-0.0007,0.0443,-0.0263,0.0249,0.9528,0.9929,Table S5,233,W233,AB233,0.9528,0.9929
Centre III,Large OARs,Oral cavity,HD95,mm,14,Pre-adaptation model,2.03,0.1897,1.76,2.36,1.8775,2.01,2.1775,Locally adapted model,1.8793,0.1359,1.64,2.04,1.86,1.94,1.97,-0.1507,0.216,-0.2754,-0.026,0.0216,0.0349,Table S5,234,W234,AB234,0.0216,0.0349
Centre III,Large OARs,Oral cavity,ASD,mm,14,Pre-adaptation model,1.0493,0.0675,0.9,1.16,1.005,1.045,1.1075,Locally adapted model,1.0379,0.1281,0.86,1.3,0.965,1.02,1.11,-0.0114,0.1285,-0.0856,0.0627,0.7446,0.8687,Table S5,235,W235,AB235,0.7446,0.8687
Centre III,Large OARs,Parotid gland,DSC,unitless,14,Pre-adaptation model,0.8279,0.0326,0.76,0.87,0.8225,0.835,0.85,Locally adapted model,0.8393,0.0312,0.78,0.9,0.83,0.84,0.8575,0.0114,0.044,-0.014,0.0368,0.3489,0.431,Table S5,236,W236,AB236,0.3489,0.431
Centre III,Large OARs,Parotid gland,HD95,mm,14,Pre-adaptation model,2.5686,0.1907,2.16,2.87,2.5425,2.61,2.6775,Locally adapted model,2.5764,0.2521,2.18,2.95,2.3875,2.605,2.7425,0.0079,0.263,-0.144,0.1597,0.9127,0.9929,Table S5,237,W237,AB237,0.9127,0.9929
Centre III,Large OARs,Parotid gland,ASD,mm,14,Pre-adaptation model,1.2171,0.0852,1.1,1.37,1.145,1.215,1.28,Locally adapted model,1.3021,0.1434,1.1,1.59,1.2025,1.275,1.3725,0.085,0.1285,0.0108,0.1592,0.0278,0.0438,Table S5,238,W238,AB238,0.0278,0.0438
Centre III,Large OARs,Brain stem,DSC,unitless,14,Pre-adaptation model,0.8493,0.0492,0.72,0.91,0.8225,0.865,0.8775,Locally adapted model,0.8507,0.0438,0.77,0.94,0.83,0.835,0.875,0.0014,0.0783,-0.0438,0.0467,0.9466,0.9929,Table S5,239,W239,AB239,0.9466,0.9929
Centre III,Large OARs,Brain stem,HD95,mm,14,Pre-adaptation model,2.2914,0.2058,1.97,2.67,2.15,2.285,2.425,Locally adapted model,2.1657,0.1608,1.95,2.49,2.065,2.135,2.2225,-0.1257,0.2494,-0.2697,0.0183,0.0819,0.1199,Table S5,240,W240,AB240,0.0819,0.1199
Centre III,Large OARs,Brain stem,ASD,mm,14,Pre-adaptation model,1.2393,0.0831,1.13,1.39,1.1825,1.245,1.2875,Locally adapted model,1.1043,0.1208,0.92,1.27,0.9875,1.115,1.2125,-0.135,0.1448,-0.2186,-0.0514,0.004,0.0066,Table S5,241,W241,AB241,0.004,0.0066
Centre III,Large OARs,Thyroid,DSC,unitless,14,Pre-adaptation model,0.7793,0.0512,0.68,0.87,0.76,0.775,0.8175,Locally adapted model,0.7614,0.0394,0.7,0.84,0.74,0.76,0.7775,-0.0179,0.0666,-0.0563,0.0206,0.334,0.4208,Table S5,242,W242,AB242,0.334,0.4208
Centre III,Large OARs,Thyroid,HD95,mm,14,Pre-adaptation model,2.5014,0.2449,2.18,2.94,2.3025,2.515,2.6175,Locally adapted model,3.905,0.5421,2.77,4.68,3.6725,4.12,4.2175,1.4036,0.7052,0.9964,1.8108,<0.0001,<0.0001,Table S5,243,W243,AB243,0.0001,0.0001
Centre III,Large OARs,Thyroid,ASD,mm,14,Pre-adaptation model,1.3007,0.1453,1.08,1.55,1.21,1.275,1.38,Locally adapted model,1.9436,0.2233,1.63,2.34,1.7575,2.01,2.09,0.6429,0.2524,0.4971,0.7886,<0.0001,<0.0001,Table S5,244,W244,AB244,0.0001,0.0001
Centre III,Large OARs,Temporal lobe,DSC,unitless,14,Pre-adaptation model,0.8586,0.054,0.73,0.94,0.8325,0.87,0.89,Locally adapted model,0.8593,0.0565,0.71,0.95,0.84,0.86,0.8875,0.0007,0.0916,-0.0522,0.0536,0.9772,0.9929,Table S5,245,W245,AB245,0.9772,0.9929
Centre III,Large OARs,Temporal lobe,HD95,mm,14,Pre-adaptation model,2.14,0.213,1.85,2.74,2.0475,2.11,2.2075,Locally adapted model,2.0121,0.1907,1.72,2.45,1.875,1.99,2.1275,-0.1279,0.2779,-0.2883,0.0326,0.1089,0.1495,Table S5,246,W246,AB246,0.1089,0.1495
Centre III,Large OARs,Temporal lobe,ASD,mm,14,Pre-adaptation model,1.17,0.1205,0.99,1.45,1.0925,1.155,1.235,Locally adapted model,1.0921,0.1101,0.98,1.37,1.01,1.06,1.1375,-0.0779,0.1694,-0.1757,0.0199,0.1092,0.1495,Table S5,247,W247,AB247,0.1092,0.1495
Centre III,Large OARs,Submandibular gland,DSC,unitless,14,Pre-adaptation model,0.8107,0.0572,0.71,0.91,0.7825,0.815,0.84,Locally adapted model,0.81,0.0316,0.76,0.85,0.79,0.82,0.8375,-0.0007,0.0582,-0.0343,0.0329,0.9641,0.9929,Table S5,248,W248,AB248,0.9641,0.9929
Centre III,Large OARs,Submandibular gland,HD95,mm,14,Pre-adaptation model,2.1707,0.1942,1.88,2.49,2.035,2.11,2.3675,Locally adapted model,2.8886,0.2128,2.47,3.25,2.745,2.895,3.005,0.7179,0.2213,0.5901,0.8456,<0.0001,<0.0001,Table S5,249,W249,AB249,0.0001,0.0001
Centre III,Large OARs,Submandibular gland,ASD,mm,14,Pre-adaptation model,1.2093,0.1419,0.98,1.44,1.12,1.2,1.3475,Locally adapted model,1.4379,0.1248,1.25,1.66,1.3725,1.435,1.5225,0.2286,0.1408,0.1473,0.3099,<0.0001,<0.0001,Table S5,250,W250,AB250,0.0001,0.0001
Centre III,Large OARs,Spinal cord,DSC,unitless,14,Pre-adaptation model,0.8445,0.0184,0.81,0.88,0.84,0.84,0.8482,Locally adapted model,0.8207,0.0518,0.74,0.9,0.7725,0.83,0.865,-0.0238,0.0574,-0.0569,0.0094,0.145,0.1923,Table S5,251,W251,AB251,0.145,0.1923
Centre III,Large OARs,Spinal cord,HD95,mm,14,Pre-adaptation model,2.35,0.2071,1.95,2.62,2.235,2.34,2.5375,Locally adapted model,2.575,0.2316,2.21,2.93,2.395,2.565,2.6725,0.225,0.3611,0.0165,0.4335,0.0365,0.0561,Table S5,252,W252,AB252,0.0365,0.0561
Centre III,Large OARs,Spinal cord,ASD,mm,14,Pre-adaptation model,1.2793,0.1117,1.12,1.45,1.18,1.3,1.3625,Locally adapted model,1.36,0.181,1.1,1.67,1.2525,1.36,1.49,0.0807,0.1956,-0.0322,0.1936,0.1465,0.1923,Table S5,253,W253,AB253,0.1465,0.1923
Centre IV,Small OARs,Optic chiasm,DSC,unitless,25,Pre-adaptation model,0.43,0.066,0.2875,0.5496,0.3957,0.4073,0.4649,Locally adapted model,0.71,0.0287,0.6575,0.7623,0.698,0.7079,0.7298,0.28,0.0806,0.2467,0.3133,<0.0001,<0.0001,Table S5,254,W254,AB254,0.0001,0.0001
Centre IV,Small OARs,Optic chiasm,HD95,mm,25,Pre-adaptation model,9.23,1.0518,7.4316,11.2139,8.7137,9.2587,10.024,Locally adapted model,5.141,0.4826,4.0667,6.5853,5.0079,5.0331,5.1695,-4.0889,1.1532,-4.565,-3.6129,<0.0001,<0.0001,Table S5,255,W255,AB255,0.0001,0.0001
Centre IV,Small OARs,Optic chiasm,ASD,mm,25,Pre-adaptation model,3.93,0.4327,3.1892,4.6588,3.6232,3.9398,4.3097,Locally adapted model,2.2834,0.2788,1.7168,2.8493,2.048,2.3051,2.4577,-1.6466,0.5391,-1.8691,-1.424,<0.0001,<0.0001,Table S5,256,W256,AB256,0.0001,0.0001
Centre IV,Small OARs,Cochlea,DSC,unitless,25,Pre-adaptation model,0.68,0.0772,0.4867,0.796,0.6478,0.6838,0.7439,Locally adapted model,0.73,0.0227,0.6725,0.7764,0.717,0.7323,0.742,0.05,0.0909,0.0125,0.0875,0.0112,0.0181,Table S5,257,W257,AB257,0.0112,0.0181
Centre IV,Small OARs,Cochlea,HD95,mm,25,Pre-adaptation model,2.8,0.5559,2.017,3.9814,2.4071,2.7254,2.8983,Locally adapted model,2.0372,0.1808,1.7346,2.421,1.8868,2.0206,2.1807,-0.7628,0.5734,-0.9995,-0.5261,<0.0001,<0.0001,Table S5,258,W258,AB258,0.0001,0.0001
Centre IV,Small OARs,Cochlea,ASD,mm,25,Pre-adaptation model,1.02,0.23,0.6723,1.7633,0.893,0.9685,1.1569,Locally adapted model,1.8,0.1406,1.5342,2.0875,1.7051,1.7697,1.8684,0.78,0.2719,0.6678,0.8923,<0.0001,<0.0001,Table S5,259,W259,AB259,0.0001,0.0001
Centre IV,Small OARs,Eustachian tube bone,DSC,unitless,25,Pre-adaptation model,0.71,0.0638,0.5963,0.8611,0.7013,0.719,0.7433,Locally adapted model,0.752,0.0303,0.6992,0.8182,0.7337,0.748,0.7724,0.042,0.0701,0.0131,0.071,0.0063,0.011,Table S5,260,W260,AB260,0.0063,0.011
Centre IV,Small OARs,Eustachian tube bone,HD95,mm,25,Pre-adaptation model,1.66,0.4039,0.9222,2.3835,1.4337,1.6238,1.936,Locally adapted model,3.9731,0.5206,3.1784,5.0248,3.5036,3.9925,4.4018,2.3131,0.6639,2.039,2.5871,<0.0001,<0.0001,Table S5,261,W261,AB261,0.0001,0.0001
Centre IV,Small OARs,Eustachian tube bone,ASD,mm,25,Pre-adaptation model,0.6,0.1539,0.2363,0.8866,0.5037,0.6004,0.6878,Locally adapted model,1.9592,0.2023,1.5355,2.3497,1.8462,1.9333,2.0582,1.3593,0.2586,1.2525,1.466,<0.0001,<0.0001,Table S5,262,W262,AB262,0.0001,0.0001
Centre IV,Small OARs,Internal auditory canal,DSC,unitless,25,Pre-adaptation model,0.46,0.0847,0.2765,0.5985,0.4058,0.4657,0.5203,Locally adapted model,0.6364,0.0247,0.6024,0.703,0.6192,0.6305,0.6495,0.1764,0.0857,0.141,0.2118,<0.0001,<0.0001,Table S5,263,W263,AB263,0.0001,0.0001
Centre IV,Small OARs,Internal auditory canal,HD95,mm,25,Pre-adaptation model,7.57,0.9226,5.7232,8.8319,6.9003,7.6827,8.1712,Locally adapted model,2.4413,0.2176,1.9832,2.9102,2.2989,2.4583,2.5533,-5.1287,0.9954,-5.5395,-4.7178,<0.0001,<0.0001,Table S5,264,W264,AB264,0.0001,0.0001
Centre IV,Small OARs,Internal auditory canal,ASD,mm,25,Pre-adaptation model,3.08,0.4344,2.1297,3.8968,2.8257,3.1068,3.4414,Locally adapted model,2.2277,0.2188,1.831,2.715,2.0869,2.1736,2.3538,-0.8523,0.4501,-1.0381,-0.6665,<0.0001,<0.0001,Table S5,265,W265,AB265,0.0001,0.0001
Centre IV,Small OARs,Lens,DSC,unitless,25,Pre-adaptation model,0.71,0.0727,0.6063,0.8734,0.6666,0.706,0.7361,Locally adapted model,0.72,0.0229,0.682,0.775,0.7057,0.7157,0.7346,0.01,0.0764,-0.0216,0.0415,0.5203,0.5854,Table S5,266,W266,AB266,0.5203,0.5854
Centre IV,Small OARs,Lens,HD95,mm,25,Pre-adaptation model,2.05,0.51,0.6414,2.8613,1.927,2.1482,2.2792,Locally adapted model,2.336,0.2201,1.8757,2.716,2.1801,2.3402,2.4486,0.286,0.5193,0.0717,0.5004,0.011,0.0181,Table S5,267,W267,AB267,0.011,0.0181
Centre IV,Small OARs,Lens,ASD,mm,25,Pre-adaptation model,0.77,0.2275,0.4004,1.1203,0.5382,0.7899,0.9459,Locally adapted model,0.7741,0.0446,0.7093,0.8548,0.7401,0.7674,0.8175,0.0041,0.2302,-0.0909,0.0991,0.93,0.9605,Table S5,268,W268,AB268,0.93,0.9605
Centre IV,Small OARs,Optic nerve,DSC,unitless,25,Pre-adaptation model,0.45,0.0643,0.301,0.6074,0.4163,0.4505,0.4762,Locally adapted model,0.65,0.0347,0.5849,0.7143,0.6256,0.6452,0.6771,0.2,0.0765,0.1684,0.2315,<0.0001,<0.0001,Table S5,269,W269,AB269,0.0001,0.0001
Centre IV,Small OARs,Optic nerve,HD95,mm,25,Pre-adaptation model,6.77,0.889,5.1876,8.1372,6.0797,6.4657,7.5554,Locally adapted model,4.1124,0.6021,2.9806,5.1344,3.8245,4.0052,4.6947,-2.6576,1.0356,-3.085,-2.2301,<0.0001,<0.0001,Table S5,270,W270,AB270,0.0001,0.0001
Centre IV,Small OARs,Optic nerve,ASD,mm,25,Pre-adaptation model,2.68,0.3002,2.2194,3.3923,2.427,2.6589,2.8557,Locally adapted model,2.073,0.2417,1.5165,2.4137,1.9331,2.1158,2.2422,-0.607,0.3786,-0.7633,-0.4507,<0.0001,<0.0001,Table S5,271,W271,AB271,0.0001,0.0001
Centre IV,Small OARs,Pituitary,DSC,unitless,25,Pre-adaptation model,0.43,0.0739,0.2991,0.5485,0.3793,0.4304,0.4833,Locally adapted model,0.68,0.0298,0.615,0.743,0.6631,0.6775,0.6992,0.25,0.0729,0.2199,0.28,<0.0001,<0.0001,Table S5,272,W272,AB272,0.0001,0.0001
Centre IV,Small OARs,Pituitary,HD95,mm,25,Pre-adaptation model,9.05,1.2882,5.8352,11.5523,8.202,9.0515,9.7341,Locally adapted model,5.1801,0.5539,4.4277,6.1466,4.7269,5.03,5.569,-3.8699,1.4106,-4.4522,-3.2876,<0.0001,<0.0001,Table S5,273,W273,AB273,0.0001,0.0001
Centre IV,Small OARs,Pituitary,ASD,mm,25,Pre-adaptation model,3.51,0.4844,2.6935,4.372,3.0583,3.5404,3.8523,Locally adapted model,2.5709,0.3231,1.9856,3.1527,2.4252,2.5731,2.7616,-0.9391,0.6885,-1.2233,-0.6549,<0.0001,<0.0001,Table S5,274,W274,AB274,0.0001,0.0001
Centre IV,Small OARs,Temporomandibular joint,DSC,unitless,25,Pre-adaptation model,0.8999,0.0634,0.7547,0.995,0.8856,0.904,0.9387,Locally adapted model,0.9,0.0194,0.858,0.9362,0.8893,0.8997,0.9148,0.0002,0.0659,-0.027,0.0274,0.989,0.9906,Table S5,275,W275,AB275,0.989,0.9906
Centre IV,Small OARs,Temporomandibular joint,HD95,mm,25,Pre-adaptation model,0.5026,0.3191,0.1516,1.2311,0.262,0.3973,0.6227,Locally adapted model,0.7151,0.0666,0.6068,0.8466,0.6648,0.6969,0.7619,0.2125,0.344,0.0705,0.3545,0.005,0.0095,Table S5,276,W276,AB276,0.005,0.0095
Centre IV,Small OARs,Temporomandibular joint,ASD,mm,25,Pre-adaptation model,0.2587,0.1746,0.0046,0.6824,0.1342,0.2498,0.3537,Locally adapted model,0.3681,0.0331,0.3047,0.4341,0.3511,0.3653,0.3913,0.1094,0.1794,0.0354,0.1834,0.0055,0.0099,Table S5,277,W277,AB277,0.0055,0.0099
Centre IV,Small OARs,Tympanic cavity,DSC,unitless,25,Pre-adaptation model,0.65,0.0989,0.3917,0.7788,0.5743,0.6664,0.7185,Locally adapted model,0.68,0.0326,0.6141,0.7409,0.6658,0.6816,0.7079,0.03,0.0999,-0.0112,0.0712,0.1461,0.1879,Table S5,278,W278,AB278,0.1461,0.1879
Centre IV,Small OARs,Tympanic cavity,HD95,mm,25,Pre-adaptation model,2.43,0.7768,0.7545,4.1728,1.8658,2.4602,2.9498,Locally adapted model,2.757,0.2828,2.1442,3.3675,2.6045,2.8103,2.9263,0.327,0.9037,-0.046,0.7001,0.0829,0.1136,Table S5,279,W279,AB279,0.0829,0.1136
Centre IV,Small OARs,Tympanic cavity,ASD,mm,25,Pre-adaptation model,0.89,0.2436,0.45,1.4473,0.7238,0.8458,1.0209,Locally adapted model,1.3234,0.1627,1.0376,1.6006,1.2107,1.3161,1.4191,0.4334,0.281,0.3175,0.5494,<0.0001,<0.0001,Table S5,280,W280,AB280,0.0001,0.0001
Centre IV,Small OARs,Vestibule/semicircular canals,DSC,unitless,25,Pre-adaptation model,0.71,0.0674,0.5792,0.8222,0.6849,0.715,0.7565,Locally adapted model,0.73,0.0263,0.69,0.7801,0.7118,0.7373,0.7489,0.02,0.0623,-0.0057,0.0457,0.121,0.1588,Table S5,281,W281,AB281,0.121,0.1588
Centre IV,Small OARs,Vestibule/semicircular canals,HD95,mm,25,Pre-adaptation model,2.13,0.4968,1.4438,2.9451,1.6731,2.0677,2.57,Locally adapted model,2.0317,0.2172,1.6011,2.4572,1.9212,2.013,2.1834,-0.0983,0.5126,-0.3099,0.1133,0.347,0.4049,Table S5,282,W282,AB282,0.347,0.4049
Centre IV,Small OARs,Vestibule/semicircular canals,ASD,mm,25,Pre-adaptation model,0.8,0.1546,0.5509,1.1132,0.6868,0.7712,0.9085,Locally adapted model,0.9876,0.1047,0.7592,1.1497,0.9237,0.9848,1.0529,0.1876,0.1789,0.1137,0.2615,<0.0001,<0.0001,Table S5,283,W283,AB283,0.0001,0.0001
Centre IV,Large OARs,Eye,DSC,unitless,25,Pre-adaptation model,0.89,0.0495,0.7666,0.971,0.8626,0.8926,0.9239,Locally adapted model,0.9223,0.0224,0.8803,0.9585,0.9081,0.9227,0.9415,0.0323,0.0577,0.0085,0.0561,0.01,0.017,Table S5,284,W284,AB284,0.01,0.017
Centre IV,Large OARs,Eye,HD95,mm,25,Pre-adaptation model,1.2793,0.3073,0.91,2.075,0.9754,1.323,1.4797,Locally adapted model,1.3572,0.1071,1.2057,1.5942,1.2767,1.368,1.4287,0.0779,0.3296,-0.0582,0.2139,0.249,0.3017,Table S5,285,W285,AB285,0.249,0.3017
Centre IV,Large OARs,Eye,ASD,mm,25,Pre-adaptation model,1.0427,0.1921,0.716,1.4206,0.8797,1.0766,1.1068,Locally adapted model,0.6912,0.0556,0.5785,0.8066,0.6423,0.7018,0.7227,-0.3515,0.1853,-0.428,-0.275,<0.0001,<0.0001,Table S5,286,W286,AB286,0.0001,0.0001
Centre IV,Large OARs,Glottic larynx,DSC,unitless,25,Pre-adaptation model,0.81,0.0877,0.5555,0.9522,0.7433,0.8377,0.8628,Locally adapted model,0.8706,0.0318,0.7912,0.9142,0.8472,0.8728,0.8972,0.0606,0.0985,0.02,0.1013,0.0051,0.0095,Table S5,287,W287,AB287,0.0051,0.0095
Centre IV,Large OARs,Glottic larynx,HD95,mm,25,Pre-adaptation model,1.622,0.5679,0.8619,3.2803,1.1477,1.4726,1.9919,Locally adapted model,1.2148,0.1312,1.0002,1.4205,1.0923,1.2251,1.3283,-0.4073,0.6022,-0.6558,-0.1587,0.0025,0.005,Table S5,288,W288,AB288,0.0025,0.005
Centre IV,Large OARs,Glottic larynx,ASD,mm,25,Pre-adaptation model,1.1811,0.3035,0.7097,2.1336,0.9673,1.1139,1.3426,Locally adapted model,1.0348,0.1013,0.8382,1.2452,0.9533,1.0227,1.0809,-0.1463,0.3311,-0.283,-0.0096,0.037,0.053,Table S5,289,W289,AB289,0.037,0.053
Centre IV,Large OARs,Supraglottic larynx,DSC,unitless,25,Pre-adaptation model,0.75,0.0828,0.5127,0.8702,0.6984,0.7378,0.8172,Locally adapted model,0.8218,0.0321,0.7716,0.889,0.8014,0.8194,0.8456,0.0718,0.0779,0.0397,0.104,0.0001,0.0003,Table S5,290,W290,AB290,0.0001,0.0003
Centre IV,Large OARs,Supraglottic larynx,HD95,mm,25,Pre-adaptation model,1.2084,0.3984,0.4198,2.3362,0.9689,1.2472,1.4286,Locally adapted model,1.3344,0.1205,1.0601,1.5467,1.2614,1.3256,1.416,0.126,0.4504,-0.0599,0.3119,0.1747,0.2201,Table S5,291,W291,AB291,0.1747,0.2201
Centre IV,Large OARs,Supraglottic larynx,ASD,mm,25,Pre-adaptation model,1.0852,0.3503,0.3909,1.91,0.7954,1.0838,1.2958,Locally adapted model,1.0261,0.0876,0.8702,1.1745,1.0024,1.0231,1.0929,-0.0591,0.3698,-0.2118,0.0935,0.4319,0.4947,Table S5,292,W292,AB292,0.4319,0.4947
Centre IV,Large OARs,Mandible,DSC,unitless,25,Pre-adaptation model,0.86,0.0748,0.6882,0.9558,0.8259,0.8664,0.9145,Locally adapted model,0.8879,0.0185,0.851,0.9172,0.8751,0.888,0.9044,0.0279,0.0736,-0.0025,0.0583,0.0699,0.0978,Table S5,293,W293,AB293,0.0699,0.0978
Centre IV,Large OARs,Mandible,HD95,mm,25,Pre-adaptation model,0.6037,0.4563,0.0787,1.8042,0.204,0.5822,0.8352,Locally adapted model,0.5696,0.0638,0.4276,0.6801,0.5346,0.5619,0.6129,-0.0341,0.4625,-0.225,0.1568,0.7158,0.7516,Table S5,294,W294,AB294,0.7158,0.7516
Centre IV,Large OARs,Mandible,ASD,mm,25,Pre-adaptation model,0.3171,0.2165,0.0125,0.7496,0.1228,0.3278,0.4796,Locally adapted model,0.3433,0.0282,0.2847,0.3928,0.3214,0.3471,0.3591,0.0261,0.2127,-0.0617,0.1139,0.5449,0.6023,Table S5,295,W295,AB295,0.5449,0.6023
Centre IV,Large OARs,Oral cavity,DSC,unitless,25,Pre-adaptation model,0.68,0.0957,0.4344,0.8008,0.6378,0.6905,0.7529,Locally adapted model,0.7951,0.0304,0.732,0.8461,0.7756,0.7929,0.8161,0.1151,0.0927,0.0768,0.1533,<0.0001,<0.0001,Table S5,296,W296,AB296,0.0001,0.0001
Centre IV,Large OARs,Oral cavity,HD95,mm,25,Pre-adaptation model,3.5569,0.6936,2.6148,5.1675,3.1422,3.4155,3.838,Locally adapted model,2.2697,0.1876,1.8266,2.6148,2.1582,2.256,2.3883,-1.2872,0.682,-1.5687,-1.0057,<0.0001,<0.0001,Table S5,297,W297,AB297,0.0001,0.0001
Centre IV,Large OARs,Oral cavity,ASD,mm,25,Pre-adaptation model,2.5019,0.4224,1.4819,3.2949,2.2451,2.4626,2.7681,Locally adapted model,1.8814,0.1538,1.6081,2.2325,1.7836,1.8703,1.9827,-0.6205,0.4558,-0.8086,-0.4323,<0.0001,<0.0001,Table S5,298,W298,AB298,0.0001,0.0001
Centre IV,Large OARs,Parotid gland,DSC,unitless,25,Pre-adaptation model,0.83,0.0396,0.7522,0.8923,0.8137,0.8288,0.8516,Locally adapted model,0.8815,0.0336,0.8215,0.9352,0.8616,0.8789,0.913,0.0515,0.052,0.0301,0.073,<0.0001,0.0001,Table S5,299,W299,AB299,0.0001,0.0001
Centre IV,Large OARs,Parotid gland,HD95,mm,25,Pre-adaptation model,2.47,0.3678,1.7555,3.0979,2.2064,2.4668,2.7818,Locally adapted model,2.5884,0.3456,1.9599,3.1785,2.4065,2.5124,2.9204,0.1184,0.5633,-0.1141,0.351,0.3036,0.3609,Table S5,300,W300,AB300,0.3036,0.3609
Centre IV,Large OARs,Parotid gland,ASD,mm,25,Pre-adaptation model,1.16,0.1725,0.8842,1.5276,1.0322,1.1001,1.2748,Locally adapted model,1.2754,0.1328,0.967,1.4727,1.1991,1.2966,1.3641,0.1154,0.2537,0.0107,0.2201,0.0322,0.0471,Table S5,301,W301,AB301,0.0322,0.0471
Centre IV,Large OARs,Brain stem,DSC,unitless,25,Pre-adaptation model,0.82,0.0674,0.6268,0.8984,0.7892,0.8278,0.8659,Locally adapted model,0.8574,0.038,0.8072,0.9267,0.8266,0.8445,0.8873,0.0374,0.073,0.0073,0.0675,0.0171,0.0263,Table S5,302,W302,AB302,0.0171,0.0263
Centre IV,Large OARs,Brain stem,HD95,mm,25,Pre-adaptation model,1.5157,0.3846,0.8893,2.5323,1.2261,1.4923,1.7762,Locally adapted model,1.4808,0.1386,1.2653,1.6989,1.3657,1.4975,1.5828,-0.0349,0.4157,-0.2064,0.1367,0.6788,0.7248,Table S5,303,W303,AB303,0.6788,0.7248
Centre IV,Large OARs,Brain stem,ASD,mm,25,Pre-adaptation model,1.1106,0.1973,0.7269,1.6409,0.9959,1.0946,1.2251,Locally adapted model,1.2154,0.1317,0.9907,1.4554,1.1638,1.2138,1.2956,0.1047,0.199,0.0226,0.1869,0.0146,0.023,Table S5,304,W304,AB304,0.0146,0.023
Centre IV,Large OARs,Thyroid,DSC,unitless,25,Pre-adaptation model,0.82,0.0576,0.701,0.921,0.7788,0.814,0.8427,Locally adapted model,0.8259,0.0303,0.7485,0.8771,0.8086,0.8212,0.8474,0.0059,0.0653,-0.0211,0.0328,0.657,0.7136,Table S5,305,W305,AB305,0.657,0.7136
Centre IV,Large OARs,Thyroid,HD95,mm,25,Pre-adaptation model,1.5056,0.3451,0.9201,2.3495,1.2343,1.5277,1.6622,Locally adapted model,2.3168,0.2399,1.9036,2.8157,2.1227,2.259,2.465,0.8112,0.418,0.6386,0.9837,<0.0001,<0.0001,Table S5,306,W306,AB306,0.0001,0.0001
Centre IV,Large OARs,Thyroid,ASD,mm,25,Pre-adaptation model,0.8988,0.1699,0.5558,1.2656,0.8229,0.896,0.9979,Locally adapted model,1.4958,0.1541,1.1946,1.858,1.4173,1.4898,1.634,0.597,0.2107,0.51,0.6839,<0.0001,<0.0001,Table S5,307,W307,AB307,0.0001,0.0001
Centre IV,Large OARs,Temporal lobe,DSC,unitless,25,Pre-adaptation model,0.84,0.0503,0.7284,0.9156,0.8146,0.8505,0.8762,Locally adapted model,0.8885,0.0221,0.8447,0.9193,0.869,0.8896,0.9052,0.0485,0.0617,0.023,0.0739,0.0006,0.0013,Table S5,308,W308,AB308,0.0006,0.0013
Centre IV,Large OARs,Temporal lobe,HD95,mm,25,Pre-adaptation model,1.5101,0.36,0.9344,2.3245,1.2027,1.4956,1.6819,Locally adapted model,1.3903,0.1396,1.0977,1.6587,1.3238,1.3892,1.4817,-0.1198,0.3354,-0.2583,0.0186,0.0866,0.1161,Table S5,309,W309,AB309,0.0866,0.1161
Centre IV,Large OARs,Temporal lobe,ASD,mm,25,Pre-adaptation model,1.163,0.1789,0.8367,1.5043,1.0152,1.1534,1.3295,Locally adapted model,0.9828,0.1031,0.7775,1.1676,0.926,0.988,1.0624,-0.1803,0.2011,-0.2633,-0.0973,0.0002,0.0003,Table S5,310,W310,AB310,0.0002,0.0003
Centre IV,Large OARs,Submandibular gland,DSC,unitless,25,Pre-adaptation model,0.76,0.0794,0.5775,0.9196,0.7158,0.7602,0.8206,Locally adapted model,0.834,0.0257,0.7903,0.8667,0.8051,0.8406,0.8566,0.074,0.0773,0.0421,0.1059,<0.0001,0.0002,Table S5,311,W311,AB311,0.0001,0.0002
Centre IV,Large OARs,Submandibular gland,HD95,mm,25,Pre-adaptation model,2.05,0.5578,1.1693,3.3557,1.6196,2.0921,2.3159,Locally adapted model,2.0514,0.1984,1.6557,2.4445,1.9473,2.043,2.1889,0.0014,0.5841,-0.2397,0.2425,0.9906,0.9906,Table S5,312,W312,AB312,0.9906,0.9906
Centre IV,Large OARs,Submandibular gland,ASD,mm,25,Pre-adaptation model,1.39,0.2822,0.8403,1.8021,1.1715,1.4854,1.5655,Locally adapted model,1.4666,0.144,1.1511,1.6882,1.3627,1.4462,1.5824,0.0766,0.3015,-0.0479,0.201,0.2163,0.2673,Table S5,313,W313,AB313,0.2163,0.2673
Centre IV,Large OARs,Spinal cord,DSC,unitless,25,Pre-adaptation model,0.85,0.0579,0.7117,0.9413,0.8232,0.861,0.8913,Locally adapted model,0.82,0.0278,0.7785,0.8781,0.7966,0.8169,0.8366,-0.0299,0.062,-0.0555,-0.0044,0.0237,0.0355,Table S5,314,W314,AB314,0.0237,0.0355
Centre IV,Large OARs,Spinal cord,HD95,mm,25,Pre-adaptation model,1.2073,0.3776,0.607,2.0586,0.9196,1.1046,1.4814,Locally adapted model,1.4867,0.1657,1.2279,1.7258,1.35,1.4835,1.6025,0.2793,0.428,0.1027,0.456,0.0033,0.0065,Table S5,315,W315,AB315,0.0033,0.0065
Centre IV,Large OARs,Spinal cord,ASD,mm,25,Pre-adaptation model,0.697,0.1794,0.3921,1.0082,0.5311,0.7073,0.8523,Locally adapted model,1.2257,0.1112,1.0503,1.4231,1.1292,1.2411,1.3312,0.5287,0.2173,0.439,0.6184,<0.0001,<0.0001,Table S5,316,W316,AB316,0.0001,0.0001
